id_succ,time_to_target
0,35.03
1,27.22
2,40.12
3,79.46
4,47.75
5,42.42
6,51.42
9,46.61
11,34.91
12,59.73
13,64.58
14,6.64
15,9.06
16,20.32
17,91.33
18,55.54
19,112.09
21,41.06
22,50.06
24,42.6
25,36.46
26,16.4
28,26.0
29,55.28
30,74.9
31,98.49
32,25.11
33,88.05
34,54.16
35,82.71
36,68.76
40,19.02
41,42.57
42,91.74
43,97.77
44,30.62
45,55.34
46,23.46
47,51.76
48,48.27
49,36.11
50,37.77
51,70.65
53,98.54
54,39.22
55,17.65
56,48.04
57,19.6
58,112.38
59,37.73
60,26.95
61,70.33
62,95.03
63,62.25
64,55.69
65,39.98
67,61.12
68,62.18
69,20.3
71,37.68
72,79.55
73,45.66
74,57.43
75,49.84
76,16.57
77,13.29
78,56.5
79,22.38
80,58.0
81,55.28
82,26.6
84,59.92
85,33.27
86,35.04
87,46.69
88,34.68
89,68.67
90,27.64
91,37.69
92,31.9
94,34.92
95,52.82
96,44.37
97,3.29
98,112.09
99,14.67
100,78.0
101,29.37
102,36.49
104,42.04
105,52.15
106,71.85
108,90.15
109,46.89
110,55.0
111,93.71
113,24.27
114,67.34
115,39.95
117,36.09
118,79.18
119,45.79
120,66.13
121,29.13
122,106.59
123,154.17
124,44.71
125,29.81
126,14.39
127,44.62
128,161.0
129,96.01
130,36.97
131,27.92
132,48.69
133,24.33
134,48.34
135,107.38
136,29.28
137,39.46
138,34.88
139,44.5
140,59.56
141,35.1
142,23.88
145,58.93
146,16.32
148,39.83
149,115.7
150,27.75
151,120.57
152,14.01
153,41.56
154,21.24
155,142.12
156,65.13
157,52.41
158,88.35
159,32.61
161,53.4
162,70.66
163,82.04
166,36.33
167,98.45
168,31.9
169,62.29
170,26.66
171,13.95
172,24.79
173,30.29
174,34.32
175,25.48
176,37.06
178,85.59
179,54.07
180,41.61
181,65.27
182,91.32
183,126.44
184,69.07
185,44.21
186,37.31
187,30.49
189,39.15
190,49.09
191,34.19
192,59.75
193,54.66
194,49.49
195,36.25
196,24.74
197,88.29
198,42.61
199,34.69
200,54.17
201,81.06
202,49.1
203,30.34
204,10.52
205,9.82
206,69.63
207,33.83
208,31.93
209,128.55
211,22.74
212,40.4
213,32.54
214,47.08
215,59.04
216,25.22
217,31.67
218,123.99
220,64.42
221,45.44
222,34.74
223,62.87
224,26.09
225,86.76
226,50.18
227,43.29
229,56.39
230,36.85
231,61.89
232,116.35
233,10.19
234,34.8
235,32.18
236,26.89
237,47.52
238,55.94
239,80.94
241,39.12
242,100.46
243,38.18
244,33.79
245,27.81
246,32.0
247,38.04
248,52.32
249,39.83
250,84.35
251,51.95
252,38.42
253,76.34
254,100.8
255,74.12
256,40.34
257,48.51
258,68.81
259,99.48
260,14.17
261,40.86
262,7.1
265,27.67
266,35.71
267,66.87
268,31.32
269,91.13
272,40.46
273,68.92
274,17.9
278,30.76
279,103.7
280,36.25
282,73.57
283,14.31
284,30.19
285,12.16
287,38.96
288,56.37
289,29.15
290,29.46
291,24.49
293,44.11
294,46.92
295,14.81
296,20.99
298,47.19
300,68.41
302,25.0
303,21.72
304,67.64
305,23.26
306,17.69
307,17.83
309,27.8
310,76.33
311,18.78
312,47.77
313,30.81
314,46.4
315,28.61
316,38.24
317,91.19
319,24.32
320,22.98
321,23.49
322,14.42
323,49.97
324,37.62
325,117.86
326,75.28
327,76.39
328,44.6
329,58.99
330,37.63
332,29.41
333,58.61
334,71.36
335,115.98
336,33.81
337,76.16
338,48.73
339,65.69
340,32.2
341,40.12
342,75.5
343,43.6
344,79.62
345,14.23
346,58.81
347,42.82
348,59.39
350,37.97
351,20.59
352,33.17
353,35.15
354,29.0
355,36.42
356,50.67
357,48.43
358,33.01
359,68.51
360,29.22
362,43.11
363,51.14
364,54.26
365,26.89
366,78.25
367,59.82
368,69.1
369,54.46
370,83.76
371,43.69
373,49.79
374,44.53
375,64.44
378,50.43
379,31.36
380,71.05
381,43.97
382,94.64
383,49.57
385,64.41
386,124.93
387,55.69
388,79.57
389,23.24
390,26.26
391,31.09
392,38.66
394,26.55
395,127.27
396,82.42
397,30.69
398,64.85
399,49.33
400,44.09
401,107.78
402,20.69
404,73.73
406,38.35
407,49.32
408,23.62
409,64.99
410,67.5
411,32.88
412,25.24
413,57.51
414,55.03
415,12.31
416,9.12
417,22.36
418,8.63
419,91.56
422,23.25
423,43.58
424,40.46
425,35.73
426,39.71
427,34.06
428,105.86
429,18.88
430,78.54
431,32.93
432,35.3
433,60.85
434,86.76
435,23.31
436,154.25
437,26.55
439,27.79
440,35.27
442,81.44
443,98.27
444,120.1
445,20.57
446,110.58
448,62.89
449,51.36
450,48.64
452,23.85
453,64.95
455,66.16
457,59.78
458,45.98
459,54.65
460,24.51
461,38.14
462,72.05
463,81.55
464,73.52
465,46.62
466,27.86
467,30.16
468,103.03
469,35.69
470,43.33
471,72.69
472,77.29
473,66.28
474,101.96
476,37.25
479,24.35
480,86.77
481,29.44
482,31.16
483,79.17
484,24.21
485,37.3
486,52.5
487,51.2
488,114.23
489,70.41
490,34.61
491,117.56
493,30.02
494,65.35
495,20.05
496,57.6
497,48.26
498,23.02
499,26.23
500,29.54
501,46.96
502,24.54
503,103.9
504,70.69
506,89.88
507,47.78
508,60.88
509,21.41
510,19.44
511,29.28
512,86.73
513,70.88
514,55.81
515,92.33
516,51.29
517,64.0
518,77.53
519,122.42
520,33.07
521,30.43
522,8.11
523,45.5
524,18.73
525,26.44
526,41.33
527,55.94
528,7.29
529,27.39
530,18.26
531,33.96
532,90.68
533,53.43
534,43.0
535,34.75
536,58.03
537,47.88
538,29.62
539,62.64
540,1.72
542,112.2
543,48.26
545,7.66
546,86.87
547,60.99
548,59.31
549,70.81
550,81.53
551,16.93
552,49.39
553,31.23
554,62.39
555,21.85
556,126.02
557,69.02
558,61.74
560,112.48
561,42.65
563,125.72
564,28.15
565,45.16
566,43.63
568,52.51
569,69.94
571,18.47
572,23.81
573,65.83
575,17.89
576,41.18
578,54.29
579,129.0
580,43.01
581,23.18
582,33.18
583,19.78
584,54.16
585,55.64
586,6.96
587,58.11
588,8.49
590,86.51
591,89.89
592,41.96
593,57.08
594,52.35
596,93.67
597,61.68
598,75.06
600,37.9
601,131.12
602,48.21
603,36.56
604,68.38
605,41.52
606,30.81
607,65.35
608,31.93
609,38.61
610,87.25
611,68.11
613,29.53
614,40.26
615,31.03
616,45.09
617,55.19
618,118.62
619,75.29
620,30.37
621,88.09
622,36.79
623,42.85
626,34.12
628,36.26
629,48.3
630,44.33
631,30.71
632,68.51
633,63.42
634,38.68
635,60.1
636,40.28
637,53.31
638,53.3
639,36.1
640,49.25
641,61.83
643,39.9
644,22.3
645,31.48
646,67.02
647,64.1
649,36.89
650,81.91
651,25.47
652,13.92
653,80.58
654,70.9
655,28.59
656,58.17
657,18.8
658,27.66
659,81.07
660,26.58
662,13.07
663,23.05
664,30.97
665,32.73
666,49.08
667,52.21
668,88.37
669,65.93
670,58.75
671,90.74
672,38.85
673,24.82
674,49.58
676,49.38
677,35.33
678,30.46
679,47.35
681,56.91
682,37.97
684,44.72
685,34.96
686,46.93
687,65.24
688,59.11
689,20.17
690,35.68
691,13.57
692,42.47
693,23.8
694,41.65
695,42.08
696,34.19
697,33.67
700,35.47
701,48.85
702,32.26
703,24.52
704,32.32
705,7.75
706,52.5
707,44.61
708,12.35
709,53.33
710,32.42
711,42.43
712,61.74
713,54.1
714,31.09
715,32.57
716,65.7
717,26.68
718,58.98
719,69.88
722,74.93
724,43.15
726,60.0
727,81.98
728,63.44
729,51.92
730,69.59
731,21.62
732,26.37
733,28.52
734,23.65
735,67.54
736,40.21
737,42.3
738,39.62
739,103.82
740,13.02
742,8.0
743,57.04
744,51.81
745,41.33
747,31.58
748,61.05
749,47.7
750,19.46
751,49.55
752,57.92
753,170.99
754,41.46
755,39.73
756,42.25
757,2.63
758,46.27
759,34.97
761,31.06
762,61.41
763,21.37
764,101.51
765,77.43
766,146.68
767,58.59
769,111.42
770,69.48
771,33.82
772,46.39
773,17.9
775,24.62
776,37.36
777,47.43
778,48.26
779,56.23
780,28.23
781,65.56
782,46.88
783,58.07
784,30.28
785,58.36
786,21.11
787,47.84
788,30.53
789,46.78
790,39.48
791,35.97
792,67.17
793,18.29
796,32.63
797,26.49
798,33.37
799,47.06
800,16.06
801,71.78
802,47.4
803,34.08
804,63.66
805,62.79
807,53.57
809,59.29
810,52.43
811,45.04
812,32.3
813,54.07
814,45.97
815,29.41
816,15.22
817,50.53
818,85.98
819,70.04
820,29.95
821,40.16
822,38.2
823,17.83
824,15.5
826,53.17
827,42.26
828,79.57
829,116.6
830,41.12
831,36.04
833,22.73
835,20.46
837,7.68
838,29.83
840,39.9
841,29.66
842,31.0
843,119.81
844,35.51
846,140.14
847,77.68
848,39.98
849,21.26
851,57.31
852,44.58
854,66.76
855,135.6
856,34.35
857,47.18
858,21.1
859,27.51
860,75.28
862,44.54
863,40.06
864,50.67
866,9.57
867,74.04
869,56.43
870,87.11
871,20.71
872,33.34
873,34.72
874,30.22
875,76.47
876,31.53
877,31.12
879,40.53
880,124.25
881,82.21
882,59.54
885,28.93
886,91.57
887,78.46
888,28.7
889,45.69
890,55.57
891,89.14
892,57.04
893,90.62
895,42.68
896,37.63
897,53.23
898,36.26
899,43.58
900,94.21
901,109.51
902,99.97
903,64.12
904,58.36
905,66.77
906,15.08
907,33.41
908,24.27
909,66.27
911,59.73
913,14.35
914,48.42
915,98.18
916,40.03
917,29.75
919,37.0
920,57.26
921,21.79
922,39.24
924,92.28
925,54.81
926,42.3
927,22.97
928,56.64
929,26.39
930,160.17
931,21.08
932,59.8
933,15.09
934,47.03
935,90.6
936,55.83
937,21.89
938,48.99
940,31.33
941,111.19
942,28.07
943,57.88
944,98.36
945,72.19
946,53.24
947,18.34
948,75.99
949,102.12
950,56.39
951,103.0
952,24.89
953,24.58
954,81.67
955,60.18
956,33.55
957,61.45
958,55.67
959,63.73
960,53.82
961,44.68
962,64.68
963,65.59
964,48.38
965,39.34
966,41.84
967,44.17
968,18.81
969,62.79
970,115.17
971,22.54
973,39.51
974,51.16
975,22.26
976,45.91
977,37.65
978,51.37
979,31.06
981,30.35
982,121.13
983,40.35
985,38.68
986,72.5
987,33.53
988,56.11
989,85.0
990,2.64
991,49.32
992,58.84
993,35.69
994,78.43
995,49.22
996,43.07
998,22.69
999,75.1
1000,89.44
1001,53.07
1002,23.42
1003,54.61
1004,13.62
1006,78.08
1007,15.76
1008,38.4
1010,138.02
1011,34.61
1012,68.1
1013,24.32
1014,8.0
1016,86.75
1017,56.54
1018,101.33
1019,38.77
1020,53.7
1021,44.57
1022,51.54
1023,104.9
1024,87.54
1025,46.29
1026,49.61
1027,23.85
1028,56.43
1029,21.22
1030,83.44
1031,15.47
1032,89.17
1033,52.25
1034,81.83
1035,53.2
1036,31.0
1037,38.46
1038,52.78
1039,37.31
1040,26.94
1041,27.92
1042,84.89
1043,55.28
1044,26.9
1045,58.96
1047,50.73
1048,69.23
1050,48.78
1051,10.11
1052,52.1
1053,48.94
1054,63.76
1055,42.78
1056,42.1
1057,75.27
1059,31.27
1060,43.31
1061,56.39
1062,4.96
1063,60.53
1064,34.45
1065,14.03
1066,24.64
1068,53.66
1069,35.36
1070,8.04
1071,84.71
1072,65.51
1073,43.53
1074,49.75
1075,34.57
1076,25.87
1079,52.05
1080,47.97
1081,70.69
1082,30.96
1084,128.81
1085,24.36
1086,20.42
1087,40.04
1089,46.27
1090,57.96
1091,26.46
1092,89.06
1093,101.04
1094,16.77
1095,155.29
1096,5.48
1098,42.4
1099,48.26
1100,40.24
1102,26.96
1103,76.68
1105,144.53
1106,94.6
1107,29.21
1108,47.27
1109,85.1
1110,59.13
1111,86.62
1112,35.25
1113,29.84
1114,38.81
1115,30.94
1116,40.98
1117,15.36
1119,53.21
1120,47.74
1123,14.09
1124,128.33
1127,61.37
1128,26.74
1129,87.15
1130,70.37
1131,21.69
1133,42.4
1134,71.39
1135,41.83
1137,69.06
1138,35.32
1139,113.77
1140,38.9
1141,46.8
1142,19.7
1143,113.6
1144,12.43
1145,63.15
1146,19.11
1147,57.42
1148,38.92
1149,32.29
1150,12.11
1151,33.12
1152,47.57
1153,53.58
1154,91.36
1156,39.27
1158,36.89
1159,52.16
1161,28.44
1162,48.86
1163,71.9
1164,9.2
1165,11.16
1166,40.06
1167,46.15
1168,53.07
1170,40.89
1171,48.79
1172,111.33
1175,80.78
1176,27.73
1177,15.71
1179,16.71
1180,68.58
1182,86.44
1183,46.42
1184,13.14
1185,28.94
1186,49.71
1187,27.8
1190,63.14
1192,25.03
1193,86.88
1194,46.88
1195,24.23
1196,53.44
1197,64.05
1198,9.55
1199,68.35
1200,29.3
1204,103.52
1205,41.41
1206,50.48
1207,74.06
1208,21.28
1209,67.45
1210,26.26
1211,80.96
1213,5.55
1214,44.85
1215,25.14
1216,106.77
1217,24.7
1218,107.44
1219,114.41
1220,108.71
1223,22.86
1224,163.31
1225,23.8
1226,93.97
1227,64.45
1228,20.3
1229,52.4
1230,21.53
1231,52.76
1232,42.1
1233,37.78
1234,39.89
1235,50.69
1236,137.69
1237,45.02
1238,41.91
1239,6.0
1240,44.23
1241,76.19
1243,41.03
1245,51.07
1246,31.38
1247,29.6
1248,86.14
1249,34.83
1250,77.49
1251,65.63
1252,46.84
1254,39.85
1255,25.31
1256,97.69
1257,56.02
1258,73.24
1259,26.54
1260,26.9
1262,29.88
1263,39.71
1266,52.32
1267,31.01
1268,112.7
1270,40.57
1271,32.85
1272,73.75
1273,58.87
1276,69.54
1277,28.49
1279,43.16
1280,36.38
1282,42.39
1283,50.31
1284,28.02
1285,37.44
1286,11.7
1287,79.8
1288,29.26
1289,24.18
1290,37.12
1291,144.77
1292,63.46
1293,46.14
1294,61.98
1295,33.6
1296,53.27
1297,48.57
1299,55.65
1301,51.17
1302,21.72
1303,54.1
1304,71.63
1305,64.27
1306,38.88
1307,8.02
1309,67.97
1310,82.41
1311,11.59
1312,102.84
1313,41.93
1315,114.44
1317,104.77
1320,31.29
1321,6.6
1322,58.72
1323,54.1
1324,91.1
1325,33.5
1327,20.94
1328,33.63
1330,19.16
1331,60.21
1332,35.93
1333,39.81
1334,52.96
1335,32.84
1336,37.0
1337,126.51
1338,15.02
1339,21.25
1340,39.06
1341,68.49
1342,71.87
1344,48.42
1345,40.95
1346,49.47
1347,29.48
1348,33.99
1349,41.7
1350,77.28
1351,47.16
1352,45.85
1353,44.98
1354,154.56
1355,17.2
1356,15.49
1357,57.44
1358,44.0
1359,66.54
1360,67.58
1361,76.7
1362,31.55
1363,41.32
1364,73.25
1365,69.1
1367,20.67
1368,50.0
1369,69.55
1370,40.5
1372,62.49
1373,9.7
1374,79.48
1375,77.51
1376,20.36
1377,87.7
1378,34.24
1379,21.63
1380,85.68
1381,16.51
1382,47.16
1383,36.88
1384,61.86
1385,93.11
1386,100.18
1387,30.84
1388,13.94
1389,25.82
1390,43.66
1391,43.33
1392,50.65
1393,83.3
1394,129.14
1395,63.29
1398,54.88
1399,47.82
1400,25.29
1401,44.92
1402,32.36
1403,33.92
1405,67.1
1406,40.35
1407,61.12
1409,29.3
1410,88.11
1411,38.0
1412,48.27
1413,19.76
1414,17.2
1415,25.76
1416,90.62
1417,17.4
1418,68.55
1420,18.83
1421,83.72
1422,28.64
1423,35.81
1424,24.41
1425,19.84
1427,52.28
1428,41.79
1430,21.0
1431,51.88
1432,22.41
1433,41.3
1434,41.12
1435,95.89
1436,23.57
1438,49.31
1439,81.77
1440,44.08
1441,54.09
1442,104.22
1443,99.16
1444,38.3
1445,29.45
1447,51.01
1448,36.5
1449,75.36
1450,63.69
1451,40.85
1452,83.32
1453,40.28
1454,60.03
1455,68.29
1456,64.0
1457,25.68
1458,61.79
1459,116.26
1460,61.95
1461,61.98
1462,37.15
1464,57.56
1465,41.64
1466,35.72
1467,18.0
1468,74.81
1470,15.6
1471,115.89
1472,61.78
1473,71.78
1474,82.16
1475,62.9
1476,40.41
1477,26.41
1478,43.87
1480,8.73
1481,63.72
1482,15.76
1484,88.26
1486,66.35
1487,98.36
1488,27.09
1489,48.04
1490,43.23
1491,67.36
1492,126.23
1493,55.32
1495,13.5
1496,28.3
1497,18.6
1498,4.92
1499,41.64
1500,24.8
1501,51.41
1502,46.57
1503,102.61
1505,59.4
1507,25.53
1509,58.91
1510,36.9
1511,18.61
1512,41.28
1513,80.61
1514,56.33
1515,49.28
1516,193.72
1517,53.78
1518,51.25
1520,85.03
1521,106.32
1522,67.77
1523,111.73
1524,90.2
1526,42.22
1527,46.51
1528,35.46
1530,8.07
1533,44.62
1534,36.49
1535,57.24
1536,102.82
1539,41.53
1540,97.5
1541,89.1
1542,41.33
1543,58.46
1544,29.7
1545,57.62
1547,47.27
1548,45.69
1549,53.53
1550,78.56
1551,69.2
1552,54.82
1553,39.26
1554,14.77
1556,22.17
1557,105.51
1558,44.3
1560,43.67
1561,90.84
1562,8.07
1563,38.4
1564,40.22
1565,41.58
1566,17.89
1567,17.79
1568,25.79
1569,56.01
1570,100.76
1571,41.24
1572,67.79
1573,30.5
1574,70.95
1575,26.2
1576,36.15
1578,50.84
1580,99.42
1582,115.7
1585,46.58
1586,92.26
1587,60.2
1589,19.72
1590,53.18
1592,24.52
1593,45.04
1594,16.64
1595,33.95
1596,35.41
1597,63.44
1599,16.86
1600,97.53
1601,27.08
1602,111.4
1605,64.98
1606,48.83
1607,101.07
1608,21.76
1609,44.48
1610,58.36
1611,19.35
1612,92.09
1613,94.79
1614,64.95
1615,62.27
1617,24.87
1618,45.32
1619,23.23
1620,36.37
1621,35.59
1622,80.1
1623,71.46
1624,44.51
1625,32.69
1626,177.06
1627,73.51
1628,61.91
1630,20.98
1632,34.15
1633,23.68
1634,50.04
1635,94.91
1636,104.26
1637,20.65
1638,28.46
1640,22.92
1642,58.14
1643,47.83
1644,75.58
1646,32.77
1647,10.99
1649,8.31
1650,38.13
1651,72.19
1652,16.32
1653,41.2
1654,64.83
1655,40.43
1657,28.98
1658,87.46
1660,46.24
1661,46.82
1662,46.27
1663,26.89
1664,56.01
1665,82.2
1666,59.21
1667,44.47
1668,15.78
1669,26.73
1670,92.05
1671,80.45
1672,46.01
1673,44.11
1675,60.19
1676,80.33
1677,33.3
1678,17.93
1679,49.25
1680,50.35
1681,104.4
1682,48.63
1683,50.79
1684,24.52
1685,75.99
1686,38.54
1687,58.81
1689,155.01
1691,11.5
1692,50.49
1693,16.92
1694,56.97
1695,44.09
1696,23.96
1697,82.42
1698,58.05
1699,102.7
1700,52.86
1701,74.39
1703,8.63
1704,45.2
1705,82.74
1706,52.89
1707,29.78
1708,46.51
1709,81.72
1710,30.75
1711,49.52
1712,9.8
1714,24.12
1715,46.22
1716,63.53
1718,28.11
1719,103.65
1720,31.82
1722,74.76
1723,186.82
1724,43.25
1725,50.64
1726,29.34
1727,38.68
1728,28.52
1729,31.54
1730,49.44
1731,51.54
1732,30.23
1733,35.76
1734,54.46
1735,46.27
1736,53.07
1737,46.55
1738,60.23
1739,9.1
1740,32.42
1742,24.28
1743,64.92
1745,88.77
1746,16.63
1747,12.54
1748,41.53
1749,52.59
1750,32.99
1751,21.75
1752,30.6
1753,113.78
1754,36.89
1755,43.28
1756,103.63
1757,83.75
1758,37.98
1759,52.72
1760,25.56
1761,42.45
1762,50.18
1763,70.84
1764,14.91
1766,46.35
1767,50.88
1768,26.87
1769,34.62
1770,58.14
1771,85.22
1772,129.03
1774,40.41
1775,72.78
1776,79.65
1777,43.25
1778,6.39
1779,133.74
1780,93.6
1781,35.92
1783,122.14
1784,113.08
1785,19.65
1786,99.61
1787,31.35
1789,25.6
1790,42.49
1791,54.55
1792,58.8
1793,175.54
1794,45.6
1795,68.55
1796,74.62
1797,99.47
1798,40.62
1799,34.41
1800,73.03
1801,45.5
1803,33.92
1804,23.58
1805,36.43
1806,45.67
1807,13.53
1808,46.96
1810,58.16
1811,71.9
1814,97.49
1815,38.11
1816,22.6
1817,28.45
1818,99.63
1819,84.24
1820,69.89
1821,39.3
1822,30.28
1823,83.85
1824,88.22
1827,38.03
1828,15.62
1829,28.26
1830,48.23
1831,30.1
1832,67.27
1833,96.94
1835,49.88
1836,57.91
1837,83.5
1839,21.14
1841,56.9
1842,55.37
1843,58.82
1844,53.76
1845,74.28
1846,68.64
1847,62.27
1848,21.12
1849,67.74
1850,109.27
1851,52.18
1852,79.47
1853,29.03
1855,133.66
1856,24.16
1857,47.51
1858,90.48
1859,23.66
1861,109.08
1862,33.34
1863,55.68
1864,21.31
1865,52.03
1866,35.1
1867,57.75
1869,115.31
1872,56.18
1873,34.47
1874,28.01
1875,22.64
1876,19.52
1877,46.32
1878,54.38
1879,28.91
1880,39.33
1881,44.68
1882,13.08
1883,13.44
1885,34.2
1886,40.25
1888,17.75
1889,50.0
1890,129.01
1892,81.91
1893,36.29
1894,14.17
1895,34.88
1896,96.37
1897,51.42
1898,13.76
1899,37.42
1902,57.95
1903,32.01
1904,40.9
1905,83.09
1907,53.48
1909,54.21
1910,33.62
1911,83.49
1912,61.39
1913,92.69
1914,93.03
1915,38.04
1916,42.92
1917,45.83
1918,38.26
1919,26.27
1920,18.39
1921,59.2
1922,40.03
1923,18.42
1925,84.44
1926,86.24
1927,82.35
1929,34.85
1930,32.7
1931,53.45
1932,35.55
1934,11.58
1936,16.73
1937,71.46
1938,41.95
1939,14.46
1940,23.5
1942,30.9
1943,70.71
1944,69.44
1945,14.0
1946,7.67
1947,55.8
1948,38.17
1950,53.8
1952,25.68
1953,104.24
1954,22.49
1955,73.36
1956,97.39
1958,33.5
1959,83.56
1960,18.5
1961,42.95
1962,37.45
1963,51.31
1964,57.6
1965,22.87
1966,14.36
1967,37.51
1969,22.09
1971,20.12
1972,69.08
1973,27.21
1974,6.65
1975,85.13
1976,39.64
1978,78.02
1979,74.58
1980,113.99
1981,85.35
1982,24.13
1985,37.24
1986,24.68
1987,54.44
1988,76.9
1989,162.53
1990,38.58
1992,23.88
1993,55.33
1994,36.92
1995,125.22
1996,81.43
1997,44.39
1998,94.48
1999,44.29
2000,55.26
2002,52.14
2003,24.44
2004,31.79
2005,127.74
2006,65.51
2007,13.34
2008,45.3
2009,80.67
2010,28.66
2011,19.37
2012,47.72
2013,17.76
2014,12.18
2015,45.45
2016,66.61
2017,67.47
2018,52.42
2019,79.92
2020,14.14
2021,74.5
2022,43.99
2023,40.8
2024,150.18
2025,45.71
2026,27.54
2027,8.37
2028,102.74
2029,38.64
2030,81.24
2031,53.58
2032,31.32
2033,15.39
2035,33.77
2036,46.45
2037,29.1
2039,98.95
2040,100.11
2041,19.4
2042,29.81
2044,29.77
2046,54.68
2047,86.95
2048,54.81
2049,30.21
2051,16.44
2053,26.86
2054,38.03
2055,24.81
2056,105.94
2057,51.9
2058,46.54
2059,36.98
2060,76.09
2061,60.21
2062,43.18
2063,88.78
2064,40.02
2065,34.03
2066,40.48
2067,17.21
2068,48.36
2069,31.79
2070,40.92
2071,70.34
2072,149.28
2073,17.74
2074,4.29
2075,31.6
2076,63.58
2077,44.83
2078,49.24
2079,39.43
2080,27.29
2081,16.76
2083,35.18
2085,72.02
2086,67.38
2087,68.38
2088,92.15
2089,73.08
2090,45.37
2091,17.92
2092,81.54
2093,105.84
2094,54.32
2095,36.07
2096,44.67
2097,71.86
2098,24.95
2099,83.55
2100,20.95
2101,25.33
2102,45.84
2103,83.46
2104,73.24
2105,71.86
2106,39.35
2107,51.3
2108,30.18
2109,30.15
2110,14.03
2111,44.16
2112,23.99
2113,26.03
2114,67.53
2115,55.05
2116,76.14
2117,53.41
2118,12.46
2119,19.07
2121,28.82
2122,5.09
2123,25.17
2124,58.1
2125,45.3
2126,90.06
2127,55.06
2129,35.58
2130,21.98
2131,35.6
2132,78.73
2134,32.7
2135,40.34
2136,63.18
2137,20.15
2138,23.65
2139,44.67
2140,106.84
2141,87.01
2142,6.47
2143,67.95
2144,67.6
2145,73.95
2146,37.63
2147,20.35
2148,124.66
2149,48.93
2150,154.51
2151,93.21
2152,55.72
2153,42.27
2154,12.5
2155,7.58
2156,21.3
2157,34.51
2158,24.72
2159,24.68
2160,26.14
2161,36.14
2162,36.81
2165,40.66
2166,41.43
2167,68.03
2168,70.29
2169,71.0
2170,17.79
2171,47.41
2172,21.36
2174,15.26
2175,101.77
2176,78.38
2177,31.87
2178,36.63
2181,51.1
2182,75.04
2183,45.2
2184,49.86
2185,100.01
2186,27.86
2187,39.2
2188,49.0
2189,23.5
2190,44.75
2191,57.33
2194,36.17
2195,53.72
2196,53.55
2198,37.89
2199,19.3
2200,39.06
2201,58.13
2202,79.19
2203,78.61
2204,32.68
2205,117.54
2206,85.98
2207,78.73
2209,49.78
2210,82.55
2211,17.43
2213,88.76
2215,109.95
2216,73.44
2217,60.42
2218,65.08
2220,116.96
2221,49.91
2222,55.68
2225,35.95
2226,18.4
2227,86.3
2229,40.86
2231,51.12
2232,24.47
2234,29.35
2235,20.69
2236,80.89
2237,19.57
2238,20.91
2239,43.61
2242,11.89
2243,25.24
2244,33.01
2245,98.39
2246,62.42
2247,70.95
2248,95.27
2249,27.36
2251,42.84
2252,40.91
2253,23.46
2254,18.72
2256,54.1
2257,47.59
2258,139.05
2259,20.06
2260,42.75
2261,56.02
2262,54.73
2263,24.66
2264,32.78
2265,50.12
2266,40.63
2268,29.09
2269,32.47
2270,46.17
2271,36.21
2273,25.29
2274,22.23
2275,64.58
2276,56.44
2277,29.3
2278,33.56
2280,31.91
2281,37.0
2282,105.46
2283,60.46
2284,31.31
2285,99.14
2286,53.64
2287,35.09
2288,32.68
2289,91.29
2290,60.17
2291,4.93
2292,78.06
2294,24.15
2295,105.88
2296,112.48
2297,50.17
2298,58.93
2299,54.05
2300,50.38
2302,65.28
2303,63.2
2304,87.84
2305,62.29
2307,117.49
2309,23.45
2310,47.08
2311,56.08
2312,58.89
2313,62.81
2315,24.37
2317,37.54
2318,49.42
2319,41.07
2320,50.67
2321,29.27
2323,41.16
2324,56.3
2325,67.39
2326,18.86
2328,100.53
2329,32.73
2330,47.11
2331,16.08
2332,83.78
2333,17.37
2335,43.09
2336,94.85
2337,62.78
2338,79.77
2340,47.43
2341,71.64
2342,36.44
2343,60.08
2344,43.18
2345,52.99
2346,56.99
2347,35.83
2348,24.22
2349,78.34
2350,25.76
2351,19.42
2352,54.85
2353,50.69
2355,37.93
2356,49.44
2358,38.13
2359,52.2
2360,14.59
2361,42.87
2362,27.69
2363,22.5
2364,31.91
2365,46.84
2367,18.77
2368,53.34
2369,41.94
2370,63.95
2371,65.31
2372,48.34
2373,55.15
2374,93.38
2375,51.66
2377,52.02
2378,58.74
2379,80.77
2380,18.3
2381,59.82
2382,88.63
2383,80.89
2384,30.33
2385,37.18
2386,50.68
2388,18.12
2389,39.75
2391,28.14
2393,29.09
2394,43.13
2395,27.05
2396,20.69
2397,54.17
2398,38.57
2399,62.67
2402,5.58
2403,49.87
2404,76.61
2406,27.65
2407,43.75
2408,90.84
2409,35.75
2410,47.85
2412,70.51
2413,49.48
2414,42.7
2415,18.15
2416,19.31
2417,80.03
2418,53.36
2419,31.63
2420,21.55
2422,36.47
2423,77.62
2424,23.53
2426,37.66
2427,57.4
2428,15.99
2429,56.12
2431,15.36
2433,38.1
2434,20.92
2435,82.38
2436,73.17
2437,24.32
2438,15.29
2439,159.99
2440,40.98
2441,68.24
2442,100.09
2443,39.57
2444,46.74
2445,119.58
2446,43.12
2447,35.59
2448,39.88
2449,14.2
2450,38.16
2451,66.74
2453,24.76
2454,36.85
2455,39.22
2457,20.51
2458,28.74
2459,89.64
2460,31.59
2461,39.06
2462,75.96
2464,56.8
2465,40.53
2466,5.76
2467,58.42
2470,47.49
2471,49.54
2472,87.05
2473,45.19
2474,8.65
2475,48.24
2476,74.57
2477,40.87
2478,37.66
2479,76.12
2480,41.61
2481,25.95
2482,91.45
2483,65.55
2484,44.33
2485,44.24
2486,91.47
2488,67.02
2489,37.05
2490,39.58
2491,54.12
2492,63.36
2493,93.07
2494,78.63
2495,48.17
2496,100.19
2498,25.57
2499,61.04
2500,85.74
2501,50.71
2502,96.32
2503,49.56
2505,52.22
2506,16.6
2507,42.73
2508,61.37
2509,65.92
2510,34.41
2511,34.06
2512,13.5
2513,84.11
2515,30.74
2516,108.21
2517,34.71
2518,33.43
2519,36.9
2520,104.39
2521,30.59
2522,83.77
2523,54.25
2524,84.08
2525,34.82
2527,25.58
2528,92.21
2529,12.77
2530,63.55
2531,26.57
2532,37.78
2533,54.56
2534,50.72
2536,80.43
2537,45.66
2538,81.2
2539,15.71
2540,91.95
2541,53.07
2542,12.7
2543,89.91
2544,56.75
2547,72.52
2548,47.94
2549,61.71
2550,21.64
2552,61.45
2554,65.91
2555,75.24
2557,47.94
2558,39.35
2559,98.51
2561,58.97
2562,54.79
2563,24.44
2564,86.47
2565,20.78
2566,11.72
2568,22.57
2569,26.56
2570,22.3
2572,85.26
2573,38.46
2575,61.29
2576,38.55
2577,53.76
2578,61.58
2580,60.52
2582,46.03
2584,31.66
2586,26.14
2587,23.66
2588,49.25
2589,22.57
2590,40.82
2591,22.22
2592,59.21
2593,71.76
2594,33.33
2595,40.04
2596,81.64
2597,23.8
2600,10.4
2602,64.42
2604,19.99
2605,55.5
2606,32.72
2608,44.95
2609,24.74
2612,39.58
2613,34.07
2615,41.76
2616,39.75
2617,27.06
2618,74.77
2619,34.94
2620,27.14
2621,25.99
2626,66.99
2627,50.56
2628,45.06
2629,109.33
2630,82.73
2631,31.89
2633,105.71
2634,87.49
2635,73.68
2636,46.16
2637,81.12
2638,33.19
2639,40.69
2640,37.0
2642,52.53
2643,83.63
2644,78.45
2645,35.76
2646,49.86
2647,59.32
2648,52.47
2649,33.31
2651,78.9
2652,60.06
2653,2.88
2654,155.33
2655,40.01
2656,92.54
2657,59.74
2659,47.59
2660,43.7
2661,20.8
2662,30.68
2663,35.02
2664,59.09
2665,26.26
2666,47.25
2667,46.83
2668,81.78
2669,63.23
2670,84.77
2671,88.56
2672,101.05
2674,67.81
2676,53.03
2677,47.32
2678,136.85
2680,43.73
2681,61.71
2682,74.74
2683,53.71
2684,53.25
2685,48.51
2686,15.15
2687,56.26
2688,88.09
2689,30.54
2690,20.88
2691,50.23
2692,30.79
2693,88.24
2694,18.93
2695,43.48
2696,19.46
2697,74.89
2698,43.31
2699,32.51
2700,17.57
2701,61.97
2702,147.31
2703,79.72
2706,25.91
2707,62.56
2708,67.0
2709,58.85
2710,54.39
2712,25.72
2713,24.92
2714,75.71
2715,25.26
2716,47.27
2717,49.3
2718,42.54
2719,77.55
2720,61.74
2721,55.96
2722,57.83
2723,66.3
2724,87.64
2725,22.25
2726,56.61
2728,14.71
2729,18.78
2730,34.76
2731,40.29
2732,68.34
2733,92.14
2735,55.77
2736,29.55
2737,42.97
2738,121.41
2739,36.12
2740,22.12
2741,74.2
2742,51.03
2744,32.81
2745,22.34
2746,64.54
2747,23.6
2748,54.67
2750,44.83
2751,47.74
2752,65.97
2753,82.15
2754,75.38
2755,18.26
2756,17.55
2757,20.76
2758,75.25
2759,18.15
2760,19.95
2761,50.66
2762,109.33
2763,137.94
2764,58.75
2765,51.03
2766,34.81
2767,41.85
2768,50.79
2769,35.4
2770,47.21
2771,24.49
2772,49.76
2773,40.19
2774,155.81
2775,51.19
2776,41.99
2777,53.36
2778,65.5
2779,77.32
2780,15.39
2781,78.61
2782,33.18
2783,41.19
2784,61.07
2785,87.45
2786,51.6
2787,29.99
2788,31.67
2789,19.91
2791,70.62
2793,12.56
2794,36.33
2795,57.05
2796,47.04
2797,83.81
2798,70.77
2799,48.56
2800,65.67
2801,26.93
2802,7.52
2803,18.02
2805,110.46
2806,58.9
2808,38.09
2809,65.37
2810,17.31
2813,24.59
2814,59.19
2815,23.86
2816,46.69
2817,43.7
2818,39.18
2819,56.33
2820,35.51
2821,29.42
2822,21.82
2823,42.39
2824,80.26
2825,35.37
2826,46.33
2827,70.98
2829,56.77
2830,37.0
2831,29.97
2833,71.19
2834,17.04
2836,115.37
2837,35.0
2838,57.69
2839,20.37
2840,42.06
2842,80.79
2843,43.35
2844,54.48
2845,36.83
2846,85.71
2847,52.94
2849,41.15
2850,78.08
2851,51.56
2852,83.98
2853,48.84
2854,43.99
2855,33.43
2860,56.93
2861,38.99
2862,21.96
2863,20.76
2864,32.38
2865,33.26
2866,13.66
2867,35.14
2868,67.6
2869,38.24
2870,24.95
2871,107.27
2872,42.36
2873,26.65
2874,88.06
2875,35.81
2876,22.49
2877,34.47
2878,43.69
2879,65.1
2880,67.65
2881,15.53
2882,54.7
2884,12.57
2888,52.2
2889,10.66
2890,60.32
2891,20.42
2892,60.41
2893,92.12
2894,36.17
2895,72.53
2896,27.03
2897,77.92
2899,37.53
2900,25.54
2901,42.71
2902,61.56
2903,144.5
2904,84.73
2905,16.87
2906,77.38
2907,32.55
2908,28.78
2909,29.77
2910,14.98
2911,34.35
2912,39.95
2913,41.67
2914,18.46
2915,47.29
2916,73.25
2917,72.43
2918,55.14
2919,117.34
2920,71.01
2922,39.97
2923,45.05
2924,128.65
2925,28.41
2926,46.67
2927,29.0
2928,24.21
2929,59.42
2930,48.64
2932,6.04
2933,36.38
2934,67.41
2935,75.5
2936,64.77
2938,68.84
2939,67.9
2940,51.38
2941,38.49
2942,39.19
2943,25.93
2944,30.31
2946,36.52
2947,49.49
2948,35.06
2951,45.66
2952,90.77
2953,9.07
2954,31.82
2957,24.48
2959,19.11
2960,99.23
2962,116.14
2964,30.82
2965,25.68
2966,12.27
2968,48.97
2970,28.96
2971,34.54
2972,21.08
2973,19.42
2974,8.32
2975,17.59
2976,41.11
2977,81.44
2978,76.98
2979,83.88
2981,7.65
2982,54.75
2983,48.4
2984,31.1
2986,49.69
2987,51.89
2988,40.18
2989,63.44
2990,29.36
2991,44.47
2992,113.65
2994,56.76
2995,88.55
2996,43.6
2997,30.37
2998,28.95
3000,47.06
3002,93.82
3003,91.18
3004,49.46
3005,26.81
3006,75.92
3007,76.97
3008,35.62
3009,42.46
3010,48.2
3011,21.17
3012,25.3
3013,45.42
3014,14.73
3015,17.69
3016,119.86
3018,43.59
3019,46.0
3021,25.41
3023,79.25
3024,75.25
3026,58.82
3027,13.73
3028,45.79
3030,59.3
3031,47.21
3032,49.54
3033,27.84
3034,13.2
3035,61.63
3036,16.37
3037,51.87
3038,38.77
3039,108.68
3040,41.11
3041,26.03
3042,47.04
3043,52.62
3044,20.86
3045,65.59
3046,46.22
3047,26.49
3048,22.72
3049,50.68
3050,31.28
3051,17.68
3053,82.0
3054,57.66
3055,54.25
3056,40.95
3057,48.73
3058,25.06
3059,71.94
3060,9.74
3061,53.02
3063,27.49
3064,52.75
3065,23.03
3066,56.26
3067,59.05
3068,104.86
3069,96.33
3070,24.76
3071,50.67
3072,32.98
3073,57.79
3075,36.02
3076,5.31
3077,26.62
3078,45.77
3080,64.92
3081,29.45
3082,78.16
3083,23.52
3084,34.06
3085,27.08
3086,61.21
3087,36.18
3089,67.68
3091,81.43
3092,56.2
3094,45.41
3095,74.26
3096,28.85
3098,86.73
3099,50.43
3100,20.97
3101,35.93
3102,20.47
3103,85.51
3104,62.75
3105,43.48
3106,47.65
3107,57.51
3109,18.3
3110,34.82
3111,46.79
3112,64.56
3114,29.66
3115,45.24
3116,93.15
3117,77.15
3119,25.48
3122,40.8
3123,53.25
3124,51.6
3125,44.52
3126,36.11
3127,87.43
3128,49.61
3129,95.74
3130,83.6
3131,37.67
3132,96.36
3134,15.27
3135,68.79
3136,40.43
3138,55.52
3139,46.13
3140,23.69
3141,33.77
3142,29.24
3143,17.0
3144,79.15
3146,65.22
3148,52.8
3149,51.15
3150,21.69
3151,42.04
3152,29.11
3153,79.81
3154,24.44
3155,48.36
3156,26.57
3157,46.07
3158,88.05
3159,76.5
3160,51.38
3161,31.97
3162,42.47
3163,34.97
3164,52.51
3165,103.42
3166,60.15
3167,82.66
3168,50.65
3169,87.79
3170,129.44
3171,24.01
3172,37.34
3173,47.53
3174,28.88
3175,12.3
3176,44.2
3177,40.13
3178,21.98
3179,21.09
3180,32.26
3181,58.96
3182,66.42
3184,136.94
3185,131.21
3186,143.07
3187,117.57
3188,8.06
3189,12.41
3190,99.02
3191,40.69
3192,33.63
3195,66.15
3196,115.06
3197,62.29
3198,53.3
3199,37.23
3201,105.97
3202,41.39
3203,28.1
3204,61.91
3205,4.69
3206,45.36
3207,64.79
3208,29.32
3209,74.16
3210,61.74
3211,28.92
3212,46.25
3213,37.35
3214,50.22
3215,48.38
3216,43.51
3217,39.32
3218,77.54
3219,32.27
3220,8.01
3221,35.37
3222,53.14
3223,36.33
3224,46.37
3226,33.49
3227,41.91
3228,72.67
3229,42.2
3230,31.11
3231,65.18
3233,46.96
3234,29.21
3235,37.51
3236,76.5
3237,36.16
3238,42.37
3239,55.24
3240,21.18
3241,18.64
3243,76.99
3244,108.13
3245,28.45
3246,34.95
3249,6.86
3250,48.0
3251,26.42
3252,105.52
3253,26.91
3255,57.37
3256,43.03
3257,89.28
3259,72.35
3260,33.51
3261,30.57
3263,112.25
3264,30.71
3265,56.97
3266,5.5
3267,10.03
3270,25.93
3271,57.27
3272,42.28
3274,59.23
3276,35.5
3277,69.4
3278,67.56
3279,49.18
3280,28.43
3281,19.26
3282,28.12
3283,30.94
3284,81.61
3285,52.01
3287,51.98
3288,50.6
3289,71.69
3290,66.02
3291,12.89
3292,16.62
3293,90.75
3294,60.75
3295,21.89
3296,20.44
3298,36.55
3299,79.7
3300,23.09
3301,14.8
3302,52.25
3303,59.86
3304,66.19
3305,36.25
3307,112.62
3308,16.68
3309,50.67
3310,55.45
3311,28.4
3313,82.23
3315,37.91
3316,27.88
3317,29.31
3318,12.46
3319,22.41
3320,71.72
3321,32.01
3323,112.53
3324,50.97
3325,66.76
3326,144.14
3327,70.06
3328,44.46
3329,55.91
3330,82.06
3331,72.51
3332,92.25
3333,56.95
3334,37.17
3338,60.43
3339,24.24
3340,70.24
3341,38.37
3342,24.63
3343,22.79
3344,46.2
3346,79.02
3347,17.69
3348,27.66
3349,24.83
3350,7.84
3351,17.57
3353,37.32
3354,68.23
3355,127.58
3357,31.38
3358,30.29
3359,20.9
3360,64.18
3361,28.64
3362,53.72
3364,95.5
3365,33.72
3366,46.44
3367,43.73
3368,47.61
3369,95.6
3370,28.02
3372,49.26
3373,30.12
3374,41.13
3375,37.03
3377,58.03
3378,76.32
3379,23.17
3380,40.12
3381,73.1
3382,53.35
3384,80.1
3385,32.52
3386,47.58
3387,73.94
3389,65.06
3391,24.85
3392,11.51
3393,47.78
3394,37.99
3395,41.5
3396,21.14
3397,70.1
3398,53.07
3399,39.54
3400,68.22
3401,68.13
3402,35.57
3403,35.52
3404,32.86
3405,32.32
3406,50.49
3407,110.58
3408,21.06
3409,25.62
3410,52.94
3412,44.13
3413,15.78
3414,23.92
3415,102.87
3416,55.52
3418,65.17
3419,30.01
3420,39.72
3422,91.6
3423,125.41
3424,81.93
3425,44.3
3426,35.18
3427,70.16
3429,81.99
3430,42.97
3431,27.38
3432,39.12
3433,46.49
3434,43.35
3435,39.85
3437,63.18
3438,57.94
3440,30.71
3441,37.25
3442,16.5
3443,31.11
3444,34.75
3446,35.91
3447,36.73
3448,28.38
3449,13.54
3451,30.43
3452,30.41
3453,30.66
3454,37.09
3455,38.28
3456,1.82
3457,65.21
3458,68.83
3459,13.8
3460,21.2
3461,41.38
3462,18.03
3463,52.15
3465,51.26
3466,41.79
3468,37.29
3469,71.86
3470,34.58
3471,35.52
3473,37.42
3474,29.33
3475,33.81
3476,61.23
3478,37.01
3479,10.52
3481,25.11
3483,64.22
3484,87.78
3485,86.82
3486,104.5
3487,44.22
3488,51.25
3489,26.63
3490,89.08
3491,139.05
3492,87.6
3493,56.07
3494,17.69
3495,114.7
3496,31.37
3497,37.94
3498,31.1
3499,91.45
3500,48.79
3501,55.17
3503,17.29
3504,60.33
3505,78.41
3506,29.01
3507,24.02
3508,54.17
3509,49.27
3511,53.05
3513,40.04
3514,45.27
3515,61.02
3516,23.52
3518,123.4
3520,32.23
3521,33.5
3523,71.94
3524,17.1
3525,65.78
3526,53.89
3528,44.61
3529,25.92
3530,33.6
3531,70.57
3532,49.14
3533,79.8
3534,61.18
3535,23.77
3536,84.52
3537,38.11
3538,45.17
3539,74.04
3541,30.64
3542,99.95
3544,82.38
3545,44.45
3546,99.61
3547,43.39
3548,27.63
3549,20.2
3550,28.89
3551,29.69
3552,40.71
3553,73.84
3554,53.94
3557,64.19
3558,39.23
3559,25.67
3560,53.08
3561,20.68
3562,137.92
3563,89.66
3564,46.42
3565,19.73
3568,24.24
3570,71.73
3571,40.09
3572,61.84
3573,33.3
3574,36.66
3575,59.63
3576,72.21
3577,32.92
3578,49.1
3579,106.95
3580,74.02
3581,16.65
3582,6.27
3583,24.84
3584,78.75
3585,49.39
3586,42.5
3587,43.92
3588,12.81
3589,83.8
3590,42.75
3591,74.0
3592,49.23
3593,13.6
3594,39.86
3595,22.02
3596,16.41
3599,28.59
3600,32.58
3604,45.18
3605,30.42
3606,65.67
3607,48.55
3608,102.66
3609,32.29
3610,32.9
3611,37.25
3612,81.84
3613,27.72
3614,75.35
3615,28.05
3616,30.51
3617,20.9
3618,124.6
3619,47.01
3620,27.48
3621,29.61
3622,35.72
3623,28.84
3625,23.49
3626,35.41
3627,62.33
3628,112.27
3629,50.43
3630,12.77
3631,71.59
3632,91.52
3633,29.68
3634,96.96
3635,26.69
3636,53.86
3637,93.33
3638,26.24
3639,54.33
3640,30.65
3641,30.89
3642,28.33
3643,135.94
3645,65.1
3646,37.52
3647,19.96
3649,45.55
3650,51.04
3652,20.1
3653,36.09
3654,128.92
3656,104.21
3657,61.37
3658,27.93
3659,29.05
3660,55.05
3662,25.07
3663,18.03
3664,62.71
3665,96.54
3666,53.04
3667,54.8
3668,47.24
3670,59.35
3672,49.45
3673,35.08
3674,34.94
3676,33.51
3677,50.67
3678,21.43
3680,34.74
3681,64.91
3682,34.6
3683,22.2
3684,34.83
3685,47.8
3686,23.8
3687,21.35
3689,79.63
3690,14.73
3691,68.33
3692,64.29
3694,31.84
3695,90.63
3696,12.85
3697,31.96
3698,43.95
3700,46.0
3701,77.57
3702,41.01
3703,82.07
3704,59.65
3705,56.99
3706,60.65
3707,89.03
3709,43.77
3710,40.85
3711,48.22
3712,19.79
3713,23.99
3714,49.29
3715,47.99
3716,55.58
3717,52.63
3718,44.87
3719,48.74
3720,22.0
3721,19.7
3722,43.02
3723,31.35
3724,48.22
3725,57.3
3726,62.58
3727,25.53
3728,20.76
3729,44.52
3730,40.45
3731,16.62
3732,70.4
3733,62.97
3735,36.93
3736,11.3
3737,84.73
3738,46.23
3739,50.94
3740,15.45
3741,29.65
3742,23.16
3743,29.81
3744,27.01
3745,59.59
3746,43.91
3747,43.24
3749,40.47
3750,51.7
3751,88.25
3752,91.24
3754,34.02
3756,101.32
3757,62.66
3758,50.71
3760,52.7
3761,83.61
3762,39.77
3764,81.78
3765,145.27
3766,96.84
3767,29.29
3768,14.42
3769,53.33
3771,58.54
3772,51.12
3773,96.36
3774,47.61
3775,29.91
3776,55.38
3777,39.81
3778,74.78
3779,44.54
3780,94.75
3781,38.31
3782,49.62
3783,63.62
3784,53.75
3785,36.43
3787,59.95
3788,69.33
3789,32.44
3791,77.99
3792,35.36
3794,9.71
3795,119.27
3796,34.42
3797,73.66
3798,109.3
3799,17.75
3800,41.62
3801,32.41
3802,56.61
3803,26.16
3804,56.57
3805,37.55
3806,32.94
3807,24.67
3808,8.23
3810,35.17
3811,32.56
3813,59.55
3814,40.72
3815,30.28
3817,28.18
3818,50.25
3819,77.13
3820,9.96
3821,64.1
3822,54.48
3823,74.82
3824,25.75
3825,27.4
3826,51.72
3827,40.43
3829,42.78
3830,79.47
3831,51.08
3832,36.69
3833,30.88
3834,70.84
3835,21.57
3836,56.95
3837,79.36
3838,49.91
3839,20.46
3840,25.63
3841,54.01
3842,84.79
3844,43.45
3845,25.82
3846,54.9
3847,25.57
3848,17.13
3849,143.23
3850,14.77
3851,38.98
3852,42.0
3853,12.22
3854,70.63
3855,11.68
3856,32.21
3858,31.41
3860,45.34
3861,41.97
3862,30.39
3863,16.21
3864,34.7
3867,41.01
3869,49.1
3870,46.43
3871,110.58
3872,54.3
3873,18.62
3874,67.65
3875,144.0
3876,50.49
3877,23.53
3878,44.37
3879,49.23
3880,48.03
3881,38.88
3882,70.55
3883,133.94
3884,100.56
3885,63.93
3886,69.78
3887,59.7
3888,24.72
3889,26.85
3890,62.36
3891,27.94
3892,54.63
3893,34.62
3895,18.07
3896,81.87
3897,28.32
3898,47.89
3899,47.29
3900,58.99
3901,10.69
3902,67.89
3903,22.07
3904,77.96
3905,23.99
3906,61.24
3907,31.06
3909,39.54
3910,20.09
3911,91.4
3912,44.54
3913,29.37
3914,44.56
3915,88.03
3916,51.78
3917,52.84
3918,66.63
3919,52.02
3920,40.74
3921,34.85
3922,33.41
3923,27.77
3924,46.34
3926,49.26
3927,76.35
3928,20.93
3929,19.14
3930,65.09
3931,30.21
3932,45.43
3933,22.01
3934,82.46
3935,39.49
3936,19.82
3937,24.34
3938,28.65
3939,42.53
3941,49.03
3942,18.32
3943,55.45
3944,91.01
3945,43.11
3946,8.13
3947,32.0
3948,14.9
3949,39.42
3950,58.93
3951,65.29
3952,37.94
3953,34.64
3954,43.48
3955,113.37
3956,24.53
3957,20.42
3958,47.56
3959,25.14
3960,103.35
3961,30.46
3962,19.52
3963,112.62
3964,27.11
3965,64.98
3966,42.32
3967,27.05
3968,18.8
3969,43.0
3970,26.54
3972,52.52
3973,50.88
3974,43.81
3975,53.66
3976,79.36
3977,40.5
3978,11.17
3979,53.63
3980,26.24
3981,71.34
3982,87.62
3983,9.39
3984,17.99
3985,101.54
3986,23.75
3987,9.37
3988,50.82
3989,28.27
3990,62.16
3991,35.86
3992,52.34
3993,56.95
3994,37.21
3995,26.07
3996,47.74
3999,83.94
4000,18.16
4001,108.57
4002,34.49
4003,28.42
4004,17.64
4005,80.4
4006,41.89
4007,60.4
4008,68.08
4010,41.95
4011,20.57
4014,59.68
4016,28.72
4017,45.6
4018,49.8
4019,29.37
4020,46.18
4021,44.12
4024,26.77
4025,60.05
4026,46.05
4027,58.26
4028,90.29
4029,57.02
4030,36.8
4031,56.44
4032,48.25
4033,47.64
4034,18.6
4035,42.69
4036,131.51
4037,22.61
4038,19.37
4039,12.48
4040,35.89
4041,55.42
4042,36.48
4043,43.67
4044,68.47
4046,47.11
4048,24.45
4049,66.81
4051,56.02
4052,42.46
4053,56.29
4054,21.71
4057,71.77
4060,34.94
4061,109.85
4062,63.78
4063,17.93
4065,64.87
4066,74.26
4068,71.42
4071,49.18
4072,97.89
4073,63.9
4075,37.37
4076,50.05
4077,6.08
4078,17.53
4079,47.77
4080,69.31
4081,13.5
4082,24.61
4083,37.01
4084,7.52
4085,57.25
4086,58.81
4088,85.44
4089,18.36
4090,35.68
4091,56.44
4092,33.35
4093,41.63
4094,25.86
4095,26.92
4096,42.92
4097,53.88
4098,18.5
4099,65.81
4100,12.86
4101,60.38
4102,42.97
4103,14.72
4104,89.22
4105,51.34
4106,56.63
4107,90.71
4108,52.78
4109,32.1
4110,38.38
4111,39.17
4112,16.05
4114,68.1
4116,107.12
4117,20.41
4118,51.69
4119,141.07
4120,46.86
4121,35.68
4122,25.84
4123,28.86
4125,24.09
4126,69.72
4127,192.87
4128,22.97
4129,66.63
4130,26.35
4131,16.56
4132,86.04
4134,43.99
4135,36.91
4136,21.0
4137,139.1
4139,50.54
4140,102.37
4141,53.49
4142,7.85
4143,49.91
4144,34.54
4145,25.65
4146,34.32
4147,56.47
4149,35.39
4150,45.74
4152,60.27
4153,65.65
4154,157.07
4155,73.0
4156,73.95
4157,31.75
4158,48.87
4159,44.67
4160,70.96
4161,68.2
4162,51.46
4163,28.99
4164,16.93
4165,83.01
4166,34.77
4167,32.29
4168,98.19
4169,75.96
4170,20.75
4171,30.11
4172,71.62
4173,45.99
4174,38.47
4175,56.69
4177,35.76
4178,67.33
4179,138.02
4180,56.34
4181,93.83
4182,30.87
4183,90.21
4184,24.92
4185,33.88
4186,33.81
4187,66.88
4188,44.79
4189,32.99
4191,112.45
4192,26.64
4194,79.91
4195,26.79
4196,30.19
4197,46.81
4198,53.74
4199,24.12
4200,52.1
4201,50.93
4202,48.34
4203,144.29
4204,35.1
4205,94.51
4207,34.19
4208,118.36
4209,20.21
4210,45.7
4212,99.62
4213,55.93
4214,15.0
4216,48.5
4217,42.52
4218,26.29
4219,34.85
4220,66.85
4222,99.72
4223,87.49
4224,16.06
4225,65.02
4226,65.8
4227,126.33
4228,89.67
4229,23.52
4230,53.01
4231,8.97
4232,43.09
4233,28.1
4234,103.61
4235,34.77
4236,54.28
4237,55.71
4238,13.0
4241,55.1
4242,80.28
4243,34.57
4245,11.69
4247,26.84
4248,48.31
4249,49.02
4250,56.74
4251,41.97
4252,53.66
4253,46.29
4254,116.45
4255,50.14
4256,55.11
4257,29.84
4258,43.51
4260,130.52
4261,49.31
4262,53.59
4263,99.01
4266,115.18
4268,75.18
4269,40.78
4270,48.87
4271,47.12
4272,35.67
4273,12.08
4274,77.82
4276,26.65
4277,51.8
4278,52.78
4279,38.96
4280,78.35
4281,47.36
4282,30.29
4283,34.7
4284,57.34
4285,40.23
4286,38.74
4287,20.49
4289,16.33
4290,41.56
4291,36.33
4292,84.75
4293,27.43
4294,49.31
4295,58.94
4296,99.73
4297,60.09
4298,115.71
4299,22.61
4300,31.27
4301,49.39
4302,13.56
4303,49.93
4304,60.76
4305,70.68
4306,26.02
4307,99.53
4308,15.68
4309,52.74
4310,7.4
4312,36.67
4314,55.08
4315,19.64
4316,101.03
4317,25.25
4318,22.81
4319,21.03
4320,45.68
4321,24.75
4322,30.89
4323,50.12
4325,19.72
4327,35.64
4329,62.56
4330,18.57
4331,20.27
4332,45.09
4335,8.24
4336,133.94
4338,55.13
4340,28.04
4342,38.95
4344,73.42
4345,147.3
4347,37.81
4348,41.79
4349,66.1
4350,7.93
4351,30.76
4352,23.62
4353,93.29
4354,52.47
4355,80.23
4356,14.85
4358,60.38
4359,41.24
4360,44.16
4361,26.11
4362,34.97
4363,48.61
4364,56.7
4366,21.21
4367,22.85
4368,86.17
4369,40.03
4370,105.98
4371,106.53
4372,7.28
4373,47.37
4374,22.66
4375,52.58
4376,75.47
4377,47.23
4378,83.0
4380,36.89
4381,65.76
4382,38.84
4383,9.96
4384,26.89
4385,50.04
4386,50.57
4387,27.67
4388,31.14
4389,50.06
4390,43.14
4391,63.51
4392,70.1
4393,44.75
4394,11.8
4395,65.48
4396,74.45
4397,108.75
4398,9.08
4399,30.22
4400,36.99
4401,12.33
4402,51.3
4404,127.02
4405,14.45
4406,54.52
4407,30.12
4408,12.52
4409,37.24
4410,66.57
4411,36.27
4412,67.59
4413,38.31
4414,91.68
4415,21.66
4416,54.25
4417,92.05
4418,41.02
4419,16.0
4420,16.54
4421,39.31
4423,38.33
4424,58.98
4425,27.27
4426,9.83
4427,31.63
4428,23.89
4429,56.76
4430,14.75
4431,54.88
4432,54.23
4434,69.4
4435,21.99
4436,3.53
4437,98.88
4438,23.34
4439,100.87
4440,41.29
4441,28.54
4442,93.95
4443,29.34
4445,33.71
4446,36.25
4448,91.27
4449,66.87
4451,94.87
4453,36.81
4454,46.7
4456,31.94
4457,33.72
4458,97.05
4459,89.71
4460,26.68
4461,36.52
4462,53.19
4463,37.75
4464,48.09
4466,53.32
4467,41.21
4468,25.62
4469,51.84
4470,70.26
4471,68.51
4472,67.5
4473,83.88
4474,61.12
4476,18.49
4477,46.51
4478,75.88
4479,46.63
4480,139.32
4481,48.39
4482,35.67
4483,15.64
4484,37.97
4485,43.45
4486,36.78
4487,45.05
4488,70.28
4489,64.83
4490,49.94
4492,19.92
4493,17.55
4494,100.27
4495,43.58
4496,79.26
4497,75.9
4498,40.47
4499,22.99
4500,29.12
4501,83.18
4502,53.19
4503,54.13
4504,46.0
4505,49.05
4506,27.15
4507,30.68
4508,51.18
4509,99.57
4512,32.45
4513,58.95
4514,29.25
4515,44.53
4516,83.48
4518,39.14
4519,32.3
4520,103.32
4523,44.46
4524,89.16
4525,76.41
4526,50.35
4528,34.56
4529,71.65
4530,54.49
4531,43.27
4532,32.61
4533,25.79
4534,60.95
4535,34.91
4536,97.87
4537,121.4
4538,70.03
4539,75.07
4540,84.35
4541,67.13
4542,65.84
4543,38.64
4544,80.61
4545,41.96
4546,43.12
4547,40.06
4549,97.2
4550,42.67
4551,33.47
4552,36.98
4553,27.55
4554,43.93
4555,65.02
4556,121.6
4557,28.59
4558,74.91
4559,75.66
4560,24.14
4561,22.07
4562,73.92
4563,66.19
4565,24.9
4566,56.2
4567,33.6
4568,82.13
4570,14.72
4571,20.89
4572,25.24
4574,79.48
4575,199.32
4576,10.58
4577,35.89
4579,53.29
4580,57.5
4581,33.03
4582,23.06
4583,77.24
4584,38.26
4585,26.93
4586,35.82
4587,55.39
4589,28.76
4590,46.25
4591,39.88
4592,98.02
4593,55.15
4594,37.53
4596,14.07
4597,52.52
4599,64.57
4600,31.43
4601,59.1
4602,41.76
4603,48.88
4604,46.0
4605,25.65
4606,105.04
4607,40.75
4608,34.69
4610,117.19
4611,45.37
4612,7.98
4613,60.93
4614,49.68
4615,34.56
4616,3.99
4617,87.47
4618,117.66
4619,44.29
4621,87.56
4622,26.06
4623,38.14
4627,39.82
4628,36.36
4629,67.78
4632,50.55
4633,105.0
4634,22.73
4635,22.51
4636,57.59
4638,20.4
4639,79.58
4640,21.83
4642,40.84
4643,43.58
4644,80.58
4645,90.68
4646,18.39
4647,44.19
4648,113.64
4650,12.27
4651,29.24
4652,62.96
4653,42.11
4654,6.62
4655,69.04
4656,23.4
4657,30.69
4658,38.26
4659,48.72
4660,17.3
4661,11.39
4662,101.43
4663,77.22
4664,36.15
4665,47.96
4666,21.03
4667,58.87
4668,57.59
4669,48.94
4670,24.39
4671,22.02
4672,50.24
4674,63.72
4675,22.22
4676,26.39
4677,33.43
4678,33.1
4679,35.57
4680,30.81
4681,47.87
4683,67.78
4684,35.29
4685,124.13
4686,35.79
4687,105.73
4688,40.2
4689,41.58
4690,49.38
4691,106.38
4692,86.98
4693,12.72
4695,114.91
4696,42.61
4698,74.01
4699,16.43
4700,66.92
4701,10.74
4703,39.27
4704,24.72
4705,38.02
4707,51.93
4708,35.56
4709,27.11
4710,44.09
4711,55.76
4712,65.92
4713,56.58
4714,69.38
4716,49.04
4717,43.52
4718,39.19
4719,59.3
4720,107.15
4721,89.91
4723,59.89
4724,71.26
4725,37.67
4726,51.39
4727,54.66
4728,105.19
4729,16.12
4730,22.35
4731,46.69
4732,24.76
4733,44.55
4734,141.53
4735,39.85
4736,66.79
4737,48.71
4739,43.05
4740,9.8
4741,63.21
4742,35.9
4743,39.34
4744,23.16
4745,52.9
4746,58.13
4747,41.6
4748,45.15
4749,52.33
4750,37.03
4751,39.82
4753,28.65
4754,56.08
4755,46.56
4756,26.76
4757,94.95
4758,31.58
4759,104.04
4760,4.66
4761,16.66
4762,50.0
4763,26.57
4764,55.7
4765,60.28
4766,75.55
4767,8.24
4768,52.9
4769,56.95
4770,2.6
4771,13.14
4772,110.99
4773,68.25
4775,50.96
4776,23.22
4777,43.23
4778,51.2
4779,6.37
4780,58.31
4781,86.29
4782,28.32
4783,7.06
4784,26.82
4785,80.75
4786,11.65
4787,40.45
4788,72.68
4789,74.56
4790,55.25
4792,65.88
4793,29.47
4794,53.24
4795,42.49
4796,49.25
4797,31.04
4798,28.04
4799,49.5
4800,31.08
4802,96.32
4803,65.25
4805,26.32
4806,28.56
4807,42.32
4808,90.8
4810,15.15
4812,95.98
4814,95.34
4815,46.8
4816,14.72
4817,16.71
4818,36.67
4819,61.74
4820,41.43
4821,36.96
4822,10.56
4824,122.17
4825,38.12
4826,79.64
4827,76.83
4828,28.85
4829,89.64
4830,25.64
4831,17.56
4832,98.52
4833,8.49
4835,118.53
4836,42.51
4837,75.47
4838,23.83
4839,143.28
4840,66.81
4841,81.8
4842,66.99
4843,64.83
4844,120.49
4845,70.0
4846,27.11
4847,57.62
4848,55.81
4849,79.3
4850,17.78
4851,67.66
4852,10.85
4853,55.54
4855,47.19
4856,126.57
4857,38.68
4858,83.69
4859,41.55
4860,70.98
4861,35.36
4863,23.87
4864,60.59
4865,73.58
4866,43.72
4867,51.08
4868,33.29
4870,73.46
4871,27.01
4872,67.7
4873,27.06
4874,22.68
4875,68.22
4876,51.24
4877,128.81
4878,99.57
4879,42.71
4880,30.93
4882,45.38
4883,45.09
4884,41.64
4885,60.72
4886,63.08
4887,61.63
4888,28.75
4889,67.98
4890,97.15
4891,52.92
4892,63.28
4893,49.41
4894,52.45
4895,60.6
4896,37.25
4897,39.15
4898,68.46
4899,37.8
4900,104.52
4902,39.58
4903,23.61
4904,38.22
4905,40.95
4906,44.69
4907,48.35
4908,52.94
4909,93.65
4912,28.4
4914,92.25
4915,24.2
4916,12.85
4918,28.74
4919,152.18
4920,18.22
4922,17.38
4923,68.46
4924,37.22
4926,43.57
4927,38.97
4929,67.83
4930,95.83
4931,37.75
4933,44.03
4934,31.96
4935,25.96
4936,33.84
4937,38.68
4938,6.86
4939,26.18
4940,31.41
4941,41.16
4942,47.81
4943,29.78
4944,45.43
4945,45.74
4946,48.43
4947,37.59
4949,47.83
4950,39.89
4951,68.68
4952,79.07
4953,43.37
4954,26.8
4955,36.55
4956,37.66
4957,37.87
4958,152.71
4959,34.75
4960,47.07
4961,20.49
4962,41.21
4963,83.91
4964,37.05
4965,40.57
4966,43.11
4967,58.15
4968,22.05
4969,26.39
4970,46.22
4971,49.67
4974,39.6
4975,54.79
4977,33.52
4978,124.13
4979,101.02
4982,63.15
4983,50.61
4984,59.44
4985,58.85
4986,46.6
4988,24.41
4989,16.75
4990,30.3
4991,35.44
4992,30.64
4993,48.25
4994,33.29
4995,32.87
4996,40.51
4997,50.78
4998,23.03
5000,37.79
5001,22.31
5002,90.73
5004,18.15
5005,137.53
5006,38.58
5007,27.23
5008,79.01
5009,23.81
5010,54.92
5012,66.06
5013,14.23
5014,31.45
5015,105.29
5016,89.18
5017,36.31
5018,62.44
5019,80.46
5020,56.66
5021,115.06
5022,54.32
5023,16.03
5024,58.26
5025,49.37
5026,70.16
5027,43.82
5028,62.99
5030,89.56
5031,57.87
5032,38.11
5033,58.28
5034,72.36
5035,28.14
5036,33.61
5037,25.57
5038,44.09
5039,56.9
5040,17.61
5041,85.32
5042,25.04
5043,27.56
5044,79.3
5045,43.9
5046,60.83
5047,63.65
5048,31.24
5049,73.88
5050,12.77
5051,67.52
5052,64.95
5053,59.34
5054,108.33
5055,99.57
5056,62.83
5057,33.77
5059,83.72
5060,46.59
5061,29.34
5062,58.6
5063,44.13
5064,28.81
5065,90.29
5066,45.51
5067,66.33
5068,24.09
5069,92.13
5070,82.58
5071,114.36
5072,24.89
5073,45.53
5074,73.17
5075,53.71
5076,27.32
5077,96.53
5078,90.23
5079,25.84
5080,39.57
5082,81.2
5083,19.52
5084,74.54
5085,74.41
5086,101.46
5087,80.35
5088,60.68
5090,39.99
5092,25.55
5093,2.38
5095,73.41
5096,48.74
5097,35.2
5098,113.4
5099,30.5
5101,36.82
5102,38.95
5104,29.06
5105,10.89
5106,32.46
5108,113.45
5110,37.31
5111,48.77
5112,28.75
5114,82.54
5115,61.89
5116,74.14
5117,43.95
5118,141.86
5119,38.55
5120,22.03
5121,52.44
5122,83.41
5123,45.82
5124,30.21
5125,16.05
5127,18.67
5129,63.52
5130,12.49
5131,41.85
5132,22.0
5133,68.09
5134,76.18
5135,20.01
5136,29.84
5137,65.81
5138,121.7
5139,58.84
5140,15.92
5141,63.84
5142,143.73
5143,40.35
5144,34.28
5145,56.57
5146,7.27
5147,42.4
5148,6.8
5149,39.56
5150,39.99
5151,26.23
5152,64.59
5153,32.9
5154,38.03
5156,40.56
5157,22.34
5158,50.52
5159,23.44
5160,63.68
5161,79.32
5162,63.94
5163,12.96
5164,28.68
5165,25.19
5167,21.01
5168,35.76
5169,81.27
5170,41.91
5171,32.7
5172,73.31
5173,31.56
5175,8.2
5176,28.4
5177,23.57
5178,48.29
5179,90.58
5180,36.47
5181,20.5
5182,81.64
5184,47.67
5185,41.14
5186,78.72
5187,74.05
5189,11.06
5190,45.25
5191,43.61
5192,18.21
5193,39.42
5194,84.81
5195,44.16
5197,73.09
5198,63.85
5199,9.81
5200,107.56
5201,39.06
5202,32.93
5203,32.65
5204,23.47
5205,48.68
5206,24.04
5208,40.96
5210,69.07
5211,32.35
5213,29.61
5214,51.87
5215,38.38
5216,69.41
5217,42.02
5218,57.7
5219,138.09
5220,33.44
5221,86.65
5222,45.7
5223,6.15
5224,107.6
5225,65.9
5226,50.62
5227,34.68
5228,37.58
5230,35.73
5231,102.58
5232,169.08
5233,13.44
5235,66.45
5236,24.83
5237,14.44
5239,27.78
5241,109.77
5242,44.64
5244,35.53
5245,32.46
5246,61.82
5247,26.73
5248,53.61
5250,49.67
5251,89.9
5252,60.79
5253,15.15
5254,144.49
5256,44.57
5257,55.31
5259,31.57
5260,50.64
5261,66.8
5262,66.65
5263,26.67
5264,58.19
5267,54.87
5268,44.28
5269,79.61
5271,34.07
5273,40.45
5274,46.35
5275,67.95
5276,22.87
5279,71.62
5281,44.01
5282,46.91
5284,30.4
5285,19.28
5286,55.35
5287,43.96
5288,21.38
5289,56.9
5290,59.15
5291,186.28
5292,27.0
5293,64.54
5294,128.5
5295,74.88
5296,52.36
5297,144.74
5298,16.99
5299,87.83
5300,59.33
5301,24.23
5302,27.25
5304,96.82
5306,21.14
5307,67.89
5308,76.46
5309,26.41
5310,30.15
5311,27.01
5313,12.87
5314,79.7
5315,36.0
5316,53.75
5317,28.02
5318,90.65
5320,34.66
5321,50.74
5322,78.92
5323,62.29
5324,29.36
5325,38.6
5326,36.67
5327,68.19
5329,12.02
5330,96.38
5331,68.8
5332,66.82
5333,33.98
5335,59.95
5337,9.32
5339,20.51
5340,36.91
5341,20.92
5342,40.77
5343,27.42
5344,24.98
5346,58.4
5347,129.36
5348,15.75
5349,21.1
5351,43.11
5352,14.13
5353,41.21
5354,55.25
5355,71.87
5356,36.29
5357,80.17
5358,50.26
5360,55.93
5361,59.36
5362,38.55
5363,20.82
5364,24.02
5365,67.72
5366,27.43
5367,68.1
5368,104.72
5369,28.14
5370,51.87
5371,30.68
5372,97.44
5374,81.89
5375,38.92
5376,65.75
5377,53.99
5378,154.47
5379,46.52
5380,20.31
5381,106.22
5382,16.39
5383,29.82
5384,98.69
5385,13.87
5386,138.48
5387,84.32
5388,27.18
5389,32.71
5391,26.69
5392,114.43
5393,57.2
5394,39.47
5395,46.83
5396,122.81
5397,52.8
5398,35.38
5399,35.19
5400,50.27
5401,65.98
5402,35.78
5403,26.92
5404,66.85
5405,18.02
5406,37.08
5407,133.26
5408,65.17
5409,16.98
5410,58.12
5411,60.51
5412,30.06
5414,52.58
5416,19.79
5417,17.11
5418,63.14
5421,80.13
5422,40.57
5423,13.83
5424,33.1
5425,85.15
5426,69.18
5427,62.87
5428,37.36
5429,88.82
5430,24.63
5431,21.22
5432,110.59
5433,72.24
5434,58.95
5435,55.98
5437,35.35
5438,7.64
5439,29.06
5440,62.5
5441,36.61
5442,39.35
5443,63.37
5444,40.53
5445,61.15
5447,51.71
5448,38.77
5449,44.27
5451,56.42
5452,23.97
5454,54.24
5455,117.03
5457,15.36
5458,35.64
5460,24.03
5461,104.02
5462,53.44
5463,42.21
5464,47.77
5465,138.01
5467,70.56
5468,9.09
5469,30.21
5470,59.45
5471,23.14
5472,21.69
5474,126.03
5475,74.97
5476,52.52
5477,12.55
5478,37.78
5479,103.65
5480,68.59
5482,81.24
5483,40.07
5484,54.1
5486,34.45
5487,91.1
5488,36.26
5489,20.77
5490,67.98
5491,117.34
5492,52.83
5493,31.29
5494,41.42
5495,107.33
5496,17.78
5497,154.71
5498,77.75
5499,29.64
5500,26.63
5501,48.61
5502,38.0
5503,53.39
5504,56.85
5505,50.0
5506,117.81
5507,70.38
5508,11.98
5509,45.58
5510,72.81
5511,100.89
5512,84.94
5513,17.72
5514,36.01
5515,29.11
5517,43.87
5518,47.74
5519,94.33
5520,118.45
5521,28.66
5522,24.97
5523,46.0
5524,77.25
5526,71.14
5527,62.58
5528,38.79
5529,80.82
5530,27.57
5532,64.97
5533,74.74
5534,41.93
5535,26.06
5539,109.43
5540,36.84
5541,111.74
5543,36.04
5544,40.82
5545,129.49
5546,63.29
5548,74.45
5550,64.46
5551,61.86
5553,73.91
5554,35.8
5555,29.71
5556,46.32
5557,35.77
5558,28.22
5559,37.08
5560,72.77
5561,6.77
5562,38.14
5563,44.26
5564,33.97
5565,71.58
5566,14.78
5567,43.46
5568,28.35
5569,59.21
5570,39.76
5571,47.55
5573,53.64
5574,49.51
5575,30.12
5576,23.82
5577,50.26
5578,62.41
5580,20.18
5582,48.44
5583,38.87
5585,6.3
5586,33.56
5588,140.02
5589,87.54
5590,49.23
5591,11.66
5593,100.13
5594,50.77
5595,23.59
5597,87.69
5598,87.38
5599,42.58
5600,41.53
5602,68.28
5603,49.34
5604,86.62
5605,44.82
5606,109.11
5607,38.16
5608,35.85
5610,75.73
5611,117.13
5612,29.23
5613,57.79
5615,24.78
5616,8.61
5619,30.07
5620,41.43
5621,43.74
5622,11.31
5625,34.86
5626,86.08
5627,55.24
5629,38.24
5630,102.26
5631,14.08
5632,45.73
5633,41.54
5634,83.47
5635,40.99
5636,69.24
5637,14.64
5638,32.33
5639,66.73
5640,24.12
5641,35.02
5644,29.08
5645,44.14
5646,18.77
5648,74.91
5649,48.8
5650,93.64
5651,42.97
5652,35.86
5653,160.24
5654,32.83
5656,50.85
5657,44.56
5658,25.03
5659,59.62
5662,87.85
5663,67.42
5664,42.26
5665,50.22
5666,77.87
5669,40.09
5670,30.32
5671,9.85
5672,30.78
5673,56.76
5674,106.08
5675,36.14
5676,65.46
5678,59.87
5680,35.98
5681,17.47
5682,9.37
5683,37.49
5684,24.73
5685,27.54
5686,50.3
5687,31.41
5688,103.22
5689,115.28
5690,62.8
5691,24.83
5692,92.81
5693,18.85
5694,18.17
5695,58.14
5696,39.83
5698,36.75
5699,28.8
5700,46.81
5701,33.3
5702,26.29
5703,75.3
5704,18.76
5705,30.65
5706,28.12
5707,7.55
5708,140.7
5709,29.97
5710,22.53
5711,57.45
5712,40.04
5713,39.0
5714,41.52
5715,36.27
5716,8.07
5717,81.93
5718,29.97
5720,19.58
5721,47.56
5722,27.12
5724,41.79
5725,38.85
5726,66.54
5727,9.52
5728,9.69
5729,29.26
5730,60.21
5732,72.71
5733,31.73
5734,70.14
5735,21.67
5736,50.82
5737,61.06
5739,83.85
5741,9.49
5743,22.04
5744,12.01
5745,92.32
5746,99.27
5747,27.67
5748,70.36
5749,49.97
5751,83.58
5752,137.17
5753,134.11
5754,72.57
5755,112.18
5757,15.55
5758,46.63
5759,73.03
5761,15.59
5762,41.33
5763,56.11
5764,46.42
5765,95.65
5766,53.22
5767,30.22
5768,88.69
5769,66.55
5771,43.55
5772,43.49
5773,9.59
5774,103.35
5775,55.3
5776,67.03
5777,34.92
5779,20.51
5780,32.95
5782,34.51
5783,146.37
5784,58.99
5785,105.66
5787,12.87
5788,85.69
5789,28.68
5790,58.45
5791,29.53
5792,59.13
5793,64.26
5794,86.63
5795,19.89
5796,69.86
5797,33.38
5798,26.84
5799,9.68
5801,59.82
5802,78.83
5803,71.44
5804,47.68
5805,59.14
5806,113.65
5808,78.64
5809,28.87
5810,86.26
5811,49.28
5812,25.01
5813,21.53
5814,69.09
5815,61.52
5817,23.08
5818,31.96
5819,32.8
5820,54.65
5821,53.85
5822,58.98
5824,59.02
5825,53.22
5826,113.46
5827,64.41
5828,50.99
5829,65.12
5830,40.38
5831,50.47
5832,68.66
5833,22.46
5834,10.34
5835,57.09
5836,39.81
5837,33.21
5838,11.92
5839,5.27
5840,57.69
5841,70.98
5842,57.96
5843,33.05
5844,42.43
5845,51.56
5846,72.06
5847,46.08
5848,21.35
5849,20.8
5850,49.46
5851,55.21
5853,69.61
5854,27.92
5855,51.81
5856,25.99
5858,103.82
5859,36.28
5860,15.05
5861,45.78
5862,16.22
5863,99.81
5864,92.02
5865,19.28
5867,49.23
5868,23.42
5869,41.64
5870,40.23
5872,74.81
5873,19.91
5874,21.12
5875,61.42
5876,26.02
5878,69.6
5879,83.53
5880,15.64
5881,72.46
5882,15.52
5883,30.79
5884,16.79
5885,97.08
5886,15.06
5887,47.98
5888,51.44
5889,10.25
5890,44.39
5891,73.03
5892,74.32
5893,45.35
5895,12.28
5896,48.29
5897,48.63
5898,22.31
5899,8.2
5900,39.84
5901,58.2
5903,36.14
5904,67.34
5905,31.04
5906,77.79
5908,34.17
5909,166.73
5911,69.69
5912,36.74
5913,41.23
5914,21.1
5915,30.75
5916,45.83
5917,24.46
5918,66.53
5919,42.22
5920,107.13
5922,23.83
5924,29.27
5925,90.97
5926,28.89
5927,83.78
5928,47.46
5930,28.02
5931,80.9
5932,65.53
5934,14.31
5935,81.01
5937,42.3
5938,77.87
5939,37.84
5940,71.53
5941,38.67
5942,2.57
5943,19.15
5944,26.94
5945,40.57
5946,24.91
5947,80.91
5948,52.63
5949,69.31
5950,36.12
5951,61.52
5952,25.74
5953,22.84
5954,47.19
5955,11.69
5956,105.57
5957,40.21
5958,43.52
5960,50.04
5962,38.27
5963,30.78
5964,6.17
5965,32.75
5966,26.63
5968,39.23
5969,84.08
5970,80.07
5971,47.45
5973,20.08
5974,35.81
5975,93.43
5976,73.23
5978,27.3
5979,44.31
5981,39.64
5982,25.13
5983,105.13
5984,71.11
5985,84.76
5986,59.95
5987,61.51
5988,30.3
5989,64.04
5990,24.0
5991,29.0
5992,100.28
5993,73.68
5994,89.12
5995,30.42
5996,59.77
5997,51.6
5998,31.97
5999,17.3
6000,89.87
6001,59.74
6002,46.28
6003,20.11
6004,38.25
6005,43.25
6006,12.92
6007,34.88
6009,84.99
6010,32.34
6014,62.02
6015,68.74
6016,34.1
6017,47.69
6019,36.57
6020,35.69
6021,22.76
6022,66.95
6024,23.12
6025,32.01
6026,38.83
6028,68.97
6029,70.16
6030,50.23
6031,54.68
6032,51.47
6033,48.85
6034,21.97
6035,27.6
6037,112.35
6038,62.92
6039,69.92
6040,68.12
6041,54.78
6042,47.62
6043,103.38
6044,30.81
6045,17.25
6046,66.66
6047,45.12
6048,18.74
6049,32.02
6050,56.91
6052,59.62
6053,19.77
6054,50.88
6055,55.29
6056,30.64
6058,4.0
6059,15.27
6061,38.95
6062,15.71
6063,33.34
6064,1.4
6065,22.16
6066,136.38
6067,44.72
6068,75.05
6069,60.99
6070,21.23
6071,54.27
6073,2.44
6074,26.9
6075,66.9
6076,47.79
6077,39.14
6078,21.79
6079,13.83
6080,31.87
6081,18.57
6082,27.46
6083,27.5
6084,89.26
6085,27.43
6086,48.05
6087,44.72
6088,65.78
6089,72.55
6090,8.95
6092,67.92
6093,16.55
6094,80.57
6095,70.55
6096,25.42
6097,62.58
6098,43.82
6099,30.18
6101,18.56
6102,99.41
6103,37.32
6104,103.45
6105,59.07
6107,49.48
6108,20.3
6109,116.75
6110,56.71
6111,46.17
6112,15.31
6113,26.49
6114,63.23
6115,59.31
6116,29.68
6117,106.95
6118,21.85
6119,33.28
6120,53.67
6121,21.2
6122,18.15
6123,54.68
6125,37.41
6126,32.3
6128,96.87
6129,58.71
6130,129.1
6131,26.97
6132,34.55
6133,37.12
6134,53.76
6135,65.99
6136,48.87
6138,36.89
6139,53.33
6140,21.62
6141,18.46
6143,81.4
6144,36.27
6145,103.11
6147,63.09
6148,73.77
6149,46.88
6150,40.71
6151,24.66
6152,65.07
6153,57.72
6154,98.44
6155,34.42
6156,50.84
6157,26.11
6158,9.16
6159,69.91
6160,16.28
6162,34.27
6163,49.08
6164,114.63
6165,44.37
6167,55.54
6168,174.26
6169,53.96
6170,11.7
6171,38.12
6172,41.64
6174,60.71
6175,80.18
6176,63.89
6177,24.78
6178,23.88
6179,46.57
6181,65.47
6182,76.23
6183,47.51
6185,29.04
6186,21.55
6187,75.84
6188,23.65
6189,50.55
6190,91.75
6191,26.48
6192,132.6
6194,63.53
6195,76.29
6196,28.71
6197,84.56
6198,19.48
6199,107.62
6200,81.22
6201,42.5
6202,53.07
6203,46.34
6204,40.86
6205,12.12
6206,31.72
6207,79.37
6208,57.22
6209,40.63
6210,22.62
6211,8.73
6212,60.05
6213,145.79
6215,7.16
6216,25.54
6217,40.34
6219,56.76
6220,57.84
6221,16.92
6222,56.13
6223,47.73
6225,45.39
6226,7.63
6227,61.66
6228,21.77
6230,59.74
6231,42.57
6232,14.03
6233,68.78
6234,101.98
6235,100.37
6236,43.76
6238,18.91
6239,29.1
6241,36.21
6242,20.01
6243,80.45
6245,39.54
6246,28.73
6248,19.99
6249,107.89
6250,39.5
6251,29.62
6252,30.48
6253,39.19
6254,21.98
6255,68.68
6256,12.56
6257,133.36
6258,22.87
6259,31.86
6260,43.07
6261,43.26
6262,33.46
6263,95.86
6264,92.78
6265,33.84
6266,29.12
6267,33.45
6268,62.7
6269,50.96
6270,57.91
6271,44.56
6272,46.07
6274,25.3
6275,85.37
6279,78.48
6281,68.93
6282,36.44
6284,92.26
6285,66.99
6286,52.23
6287,14.3
6288,29.27
6289,35.52
6291,58.93
6292,24.42
6293,16.83
6294,79.0
6295,57.66
6296,16.31
6298,43.98
6299,34.81
6301,80.51
6303,39.62
6304,43.5
6306,56.4
6307,48.74
6308,135.41
6310,48.64
6311,25.22
6312,108.63
6313,35.36
6314,20.73
6315,62.72
6316,20.3
6317,41.33
6318,63.88
6320,33.28
6321,44.83
6322,22.9
6324,87.29
6325,35.13
6326,76.85
6328,37.73
6329,46.81
6331,42.67
6332,85.24
6333,40.71
6335,8.77
6336,46.44
6337,37.94
6338,91.37
6339,41.33
6340,18.48
6341,30.82
6342,56.07
6343,18.46
6344,28.38
6346,24.01
6347,68.26
6348,42.36
6349,43.95
6350,80.18
6351,54.86
6352,68.17
6353,82.5
6355,26.01
6356,26.09
6357,33.35
6358,47.64
6359,16.86
6361,83.79
6362,59.91
6363,80.4
6364,16.84
6365,61.41
6366,25.76
6367,35.9
6368,75.27
6369,43.77
6370,78.67
6371,32.24
6372,91.78
6373,8.5
6374,53.38
6375,59.37
6376,22.59
6377,27.16
6378,31.45
6379,18.87
6380,31.22
6382,102.21
6383,120.7
6384,40.69
6385,45.8
6386,38.36
6387,35.15
6388,45.57
6389,65.69
6391,65.3
6392,8.9
6393,22.77
6395,79.77
6396,64.14
6397,49.69
6398,39.12
6399,36.63
6400,49.76
6401,62.21
6402,30.54
6403,20.48
6404,19.95
6405,23.32
6406,66.8
6407,61.97
6408,61.03
6409,37.08
6410,67.83
6411,49.7
6412,53.64
6413,51.78
6414,24.09
6415,47.04
6416,26.94
6418,61.97
6420,14.36
6421,41.51
6422,96.58
6424,77.92
6425,47.6
6426,50.21
6427,57.01
6428,112.3
6429,31.13
6430,19.91
6431,36.96
6432,68.49
6434,50.17
6435,59.93
6436,32.02
6437,23.37
6438,115.77
6439,15.66
6440,27.53
6441,60.55
6442,40.36
6443,21.04
6444,48.33
6445,47.56
6446,39.97
6448,107.25
6449,90.24
6450,60.56
6451,66.15
6452,73.68
6453,37.23
6454,67.7
6455,32.33
6456,23.2
6457,82.84
6459,75.17
6460,127.56
6461,71.3
6462,106.26
6464,55.95
6465,56.23
6466,37.52
6467,37.12
6468,99.66
6469,59.78
6471,26.44
6472,98.47
6473,107.71
6474,36.81
6475,27.84
6476,55.92
6477,115.1
6478,48.17
6479,64.16
6480,21.28
6481,16.94
6482,52.97
6483,123.32
6485,6.76
6486,32.61
6487,95.57
6488,45.49
6489,29.86
6490,41.22
6491,49.54
6492,37.73
6493,7.61
6494,46.33
6495,30.12
6497,46.14
6499,58.06
6500,22.68
6501,52.8
6502,25.73
6503,27.86
6504,47.5
6505,22.35
6506,42.32
6507,113.38
6508,54.11
6509,24.34
6510,40.36
6511,32.72
6512,26.95
6513,28.12
6514,43.34
6515,51.55
6516,49.37
6517,59.08
6518,19.06
6519,33.67
6520,58.05
6521,59.66
6522,72.18
6523,101.61
6524,41.25
6525,67.17
6526,87.92
6527,77.55
6528,12.69
6529,25.3
6530,29.7
6531,192.35
6532,46.13
6535,58.25
6536,54.97
6537,28.95
6538,72.07
6539,8.85
6540,34.15
6541,16.08
6543,41.05
6544,41.95
6545,66.37
6548,53.11
6549,23.57
6550,63.53
6551,27.84
6553,35.41
6554,77.36
6555,44.41
6556,43.88
6557,31.47
6558,24.66
6559,44.27
6560,99.62
6561,45.5
6562,73.72
6563,49.51
6564,21.95
6565,75.43
6566,27.02
6567,21.99
6568,48.42
6569,57.51
6571,46.47
6572,32.59
6573,49.93
6574,57.26
6575,35.89
6576,144.9
6577,24.8
6578,68.81
6579,68.64
6581,14.51
6582,56.47
6583,36.42
6584,47.51
6585,51.4
6587,66.01
6588,70.92
6589,29.87
6590,45.52
6591,12.15
6592,42.84
6593,35.44
6594,38.57
6595,76.04
6596,46.58
6597,90.95
6598,31.51
6599,32.97
6600,75.36
6601,90.55
6602,11.34
6603,41.88
6604,102.85
6606,58.41
6607,13.14
6608,37.34
6609,23.16
6610,34.96
6611,65.26
6612,25.8
6613,23.59
6614,77.05
6615,18.93
6616,30.94
6617,29.78
6618,88.8
6619,42.1
6620,77.07
6621,66.93
6622,40.12
6623,43.15
6624,29.51
6625,38.5
6626,48.56
6628,6.94
6629,57.78
6630,80.12
6631,37.75
6632,23.32
6633,100.48
6634,22.97
6635,54.25
6636,31.81
6638,30.79
6639,101.83
6640,79.51
6641,29.47
6642,28.1
6643,70.64
6644,40.23
6645,26.08
6646,43.55
6648,31.77
6650,25.2
6651,32.97
6652,59.63
6653,12.76
6654,86.93
6655,72.63
6656,21.45
6657,16.03
6658,120.88
6659,47.42
6660,51.48
6661,17.61
6662,58.59
6664,149.51
6665,64.54
6666,22.15
6668,32.5
6669,51.14
6670,22.6
6671,42.0
6672,50.89
6673,24.68
6674,54.16
6675,52.46
6676,46.33
6677,90.31
6679,27.75
6681,89.39
6682,59.51
6683,32.08
6684,43.73
6685,41.36
6686,80.45
6688,86.4
6689,24.05
6691,101.41
6692,23.48
6694,24.32
6695,6.14
6697,55.53
6698,45.8
6699,21.07
6700,48.0
6701,31.81
6703,7.56
6704,62.57
6705,53.83
6706,56.58
6707,43.2
6708,34.33
6709,20.49
6710,59.52
6711,32.72
6712,28.24
6713,74.83
6716,66.29
6717,77.86
6718,30.98
6719,25.12
6720,67.87
6721,22.4
6722,23.95
6724,48.42
6725,56.68
6726,36.22
6727,18.87
6728,28.79
6729,29.82
6731,26.1
6732,59.5
6734,29.53
6735,56.65
6736,79.97
6737,39.42
6738,19.49
6740,34.83
6741,75.18
6742,21.73
6743,34.57
6744,77.58
6745,27.83
6746,59.79
6747,23.09
6748,39.31
6749,54.03
6750,35.45
6752,82.43
6753,39.5
6754,93.76
6755,34.04
6756,39.73
6758,46.5
6759,59.01
6761,28.92
6762,23.12
6763,154.56
6764,58.16
6765,26.5
6766,75.97
6768,33.89
6769,67.91
6770,51.04
6772,139.17
6773,34.18
6774,40.01
6776,25.93
6777,20.17
6778,82.25
6779,64.17
6781,50.51
6782,81.29
6783,49.61
6784,35.02
6785,49.65
6786,51.57
6787,21.37
6788,82.9
6789,32.76
6790,23.82
6791,26.58
6792,28.24
6793,36.18
6794,17.34
6795,59.45
6796,55.98
6797,46.56
6800,51.36
6801,80.01
6802,42.62
6803,73.71
6804,42.55
6805,22.86
6806,74.38
6807,30.59
6809,14.09
6810,42.92
6811,49.82
6812,30.73
6813,33.6
6815,113.93
6816,111.08
6817,48.79
6819,37.17
6820,55.58
6821,38.21
6822,20.47
6823,83.88
6824,66.59
6825,81.14
6826,24.66
6828,46.45
6829,32.2
6830,57.23
6831,57.74
6832,45.32
6833,26.46
6834,41.66
6836,18.07
6838,56.92
6839,65.98
6841,76.68
6842,13.67
6843,26.9
6844,3.72
6845,53.68
6847,52.46
6848,24.54
6849,21.07
6850,51.2
6851,55.58
6852,35.19
6853,36.58
6855,40.32
6856,65.35
6857,23.68
6858,24.6
6859,28.65
6860,24.92
6861,78.87
6862,63.97
6863,77.69
6864,66.0
6865,35.95
6867,44.28
6868,68.04
6869,51.71
6870,28.51
6871,105.6
6872,59.61
6873,13.96
6874,6.84
6876,69.29
6878,92.85
6879,41.32
6880,45.75
6881,31.47
6882,174.59
6883,51.96
6884,35.76
6885,65.05
6886,67.34
6887,30.42
6889,85.36
6890,57.61
6893,78.08
6895,117.74
6896,74.09
6897,74.65
6898,27.87
6899,35.38
6900,11.05
6901,38.49
6902,126.12
6903,65.46
6904,34.23
6905,66.45
6906,17.55
6907,65.97
6908,132.3
6909,77.53
6911,26.73
6912,43.82
6913,50.06
6914,25.11
6916,145.63
6917,48.41
6918,35.78
6919,21.92
6921,19.04
6922,30.0
6923,51.2
6924,58.79
6925,45.21
6926,11.23
6927,49.8
6928,80.67
6929,72.39
6930,30.26
6931,7.35
6932,49.36
6933,63.51
6934,23.33
6935,60.75
6936,52.36
6937,69.8
6939,28.45
6941,35.65
6942,55.81
6944,103.86
6945,52.51
6946,56.03
6947,59.64
6948,48.37
6949,15.88
6950,93.23
6951,30.41
6952,48.64
6953,88.26
6954,33.42
6955,11.54
6956,33.6
6957,30.42
6958,36.5
6959,53.75
6960,48.32
6961,24.74
6962,105.38
6963,67.74
6964,34.34
6966,22.71
6967,46.12
6968,53.31
6969,33.08
6970,97.1
6971,29.89
6972,43.25
6973,73.11
6974,30.38
6975,129.04
6976,55.05
6977,33.34
6978,83.34
6979,83.78
6980,63.58
6981,73.94
6982,56.51
6983,22.84
6984,63.29
6985,66.79
6986,76.42
6988,51.12
6990,56.26
6991,77.75
6992,39.3
6993,63.28
6994,33.34
6995,18.14
6996,42.79
6997,55.72
6998,91.76
6999,67.11
7000,39.68
7001,65.21
7004,18.03
7005,74.81
7006,18.79
7007,27.6
7008,27.68
7009,44.22
7010,47.1
7011,31.08
7012,28.16
7013,37.84
7014,101.05
7015,55.53
7016,13.96
7017,40.46
7018,34.82
7019,59.73
7020,19.51
7022,91.4
7023,55.57
7024,65.24
7025,33.17
7026,8.46
7027,56.32
7028,64.69
7029,75.15
7030,32.38
7031,48.07
7032,15.26
7033,88.9
7034,47.39
7035,57.13
7036,19.85
7037,44.82
7038,39.51
7040,39.25
7041,67.96
7042,113.63
7043,53.51
7044,33.06
7045,98.47
7046,36.34
7048,37.2
7049,16.54
7050,11.6
7051,36.39
7052,50.12
7053,53.76
7054,3.47
7055,49.01
7056,31.8
7057,15.63
7058,35.79
7059,117.2
7060,60.24
7061,50.25
7062,49.59
7063,68.24
7064,47.24
7066,38.48
7067,32.58
7068,110.77
7069,46.98
7070,142.13
7071,131.61
7072,68.61
7073,31.57
7074,28.86
7075,29.95
7076,73.82
7077,85.97
7078,48.46
7079,38.17
7081,18.94
7082,24.28
7083,78.68
7084,81.4
7085,21.52
7086,41.04
7087,8.53
7088,34.78
7089,28.66
7090,59.42
7091,23.26
7093,57.71
7094,62.16
7095,47.72
7096,46.71
7097,60.01
7098,10.59
7099,45.7
7100,74.26
7101,56.38
7102,61.55
7103,28.87
7104,19.76
7105,55.83
7106,57.84
7107,24.02
7108,47.45
7109,34.88
7110,35.05
7112,27.89
7113,65.91
7114,38.13
7115,66.06
7116,43.12
7117,22.24
7118,50.65
7119,51.52
7120,18.86
7121,40.01
7122,35.94
7123,56.1
7124,40.09
7125,75.75
7126,50.1
7127,85.17
7128,34.75
7129,31.46
7130,109.29
7132,31.23
7133,71.4
7134,62.29
7136,36.06
7138,34.09
7139,13.98
7140,31.1
7141,58.85
7142,67.89
7143,57.56
7144,7.86
7145,56.54
7146,124.36
7147,70.96
7148,30.96
7149,36.69
7151,58.98
7152,29.29
7153,39.01
7155,15.53
7156,81.22
7157,63.77
7158,9.25
7159,14.92
7161,27.41
7162,79.64
7163,46.23
7164,39.75
7166,36.77
7167,37.42
7168,63.65
7169,87.2
7170,33.74
7171,64.71
7173,80.19
7174,58.79
7175,103.37
7176,17.99
7177,16.24
7179,19.65
7181,78.15
7182,24.88
7184,112.04
7185,16.96
7186,43.59
7187,16.78
7188,24.05
7189,36.1
7190,24.26
7191,29.35
7192,35.86
7195,111.69
7196,58.42
7197,71.58
7199,65.18
7200,65.27
7201,70.46
7203,9.13
7204,50.71
7205,43.31
7207,97.12
7208,77.59
7210,47.0
7211,99.18
7212,41.76
7213,34.73
7214,60.92
7215,12.43
7216,36.5
7219,34.5
7220,49.31
7221,45.05
7223,56.45
7224,4.66
7225,92.48
7227,18.87
7228,89.03
7229,40.49
7230,66.0
7231,17.54
7232,66.19
7233,67.07
7234,25.21
7235,64.28
7237,62.85
7238,57.39
7239,37.28
7240,23.67
7241,56.65
7242,58.0
7243,48.08
7244,11.95
7245,42.39
7246,63.74
7248,28.28
7250,49.17
7251,49.23
7252,20.69
7254,160.0
7255,50.67
7257,32.1
7258,161.25
7259,23.62
7260,36.18
7261,37.34
7262,60.97
7263,42.84
7265,20.74
7266,19.97
7267,27.92
7268,26.57
7271,46.52
7272,54.74
7273,32.51
7275,75.76
7276,51.91
7277,47.87
7278,42.13
7279,31.33
7280,20.75
7281,47.58
7282,74.13
7283,50.69
7284,55.53
7285,16.33
7287,36.98
7288,4.8
7289,90.48
7290,80.62
7291,70.95
7292,50.78
7293,95.69
7295,50.91
7296,99.32
7298,25.55
7299,27.39
7301,31.91
7302,109.39
7303,75.79
7304,90.64
7305,46.14
7307,85.67
7308,67.69
7309,63.82
7310,71.88
7311,19.14
7312,59.77
7313,46.34
7314,28.59
7315,15.21
7316,35.3
7317,95.02
7319,41.66
7321,57.11
7322,31.05
7323,28.24
7324,70.77
7327,88.94
7328,37.18
7329,19.88
7330,27.5
7331,41.68
7332,20.5
7333,45.67
7334,40.18
7335,56.47
7336,69.8
7340,38.33
7341,28.72
7343,29.69
7344,41.82
7345,37.05
7346,90.15
7348,50.74
7349,22.78
7350,53.47
7352,25.84
7353,78.39
7354,46.37
7355,48.18
7356,68.06
7358,45.0
7359,68.51
7361,53.1
7362,42.63
7363,44.31
7364,136.79
7367,18.56
7368,83.48
7369,8.35
7370,63.91
7372,110.11
7373,48.2
7374,76.07
7376,36.43
7377,51.44
7378,52.37
7380,55.31
7381,37.3
7382,42.44
7384,56.09
7385,33.86
7386,108.74
7387,74.1
7388,95.17
7389,17.94
7390,42.6
7391,55.06
7392,39.65
7397,19.03
7398,36.55
7399,58.72
7400,46.92
7401,21.31
7402,64.03
7403,28.92
7404,22.04
7406,68.62
7407,84.67
7408,31.58
7409,57.34
7410,71.32
7411,104.2
7412,19.2
7414,82.5
7415,45.62
7416,70.6
7417,59.82
7418,51.19
7421,19.9
7422,56.7
7423,8.73
7424,37.75
7425,101.33
7426,55.77
7427,5.75
7428,52.54
7429,81.44
7431,28.33
7432,179.35
7433,38.91
7434,76.36
7435,51.72
7436,49.83
7437,88.69
7438,37.47
7439,33.41
7440,29.52
7441,39.98
7442,41.0
7445,51.06
7446,88.54
7447,70.17
7448,33.87
7449,105.17
7450,92.33
7451,4.77
7452,104.78
7453,35.75
7455,34.39
7456,55.96
7457,53.28
7458,53.33
7459,81.7
7461,15.63
7462,57.85
7463,31.94
7464,55.8
7465,29.2
7466,49.75
7467,16.14
7468,81.83
7471,56.85
7472,57.72
7473,19.68
7474,38.28
7475,95.32
7476,49.24
7477,35.04
7479,51.23
7480,78.26
7481,110.59
7482,41.25
7483,19.31
7484,18.57
7485,85.6
7486,30.06
7487,31.32
7488,132.55
7489,21.89
7490,68.2
7491,32.01
7492,55.2
7493,86.13
7494,8.08
7495,56.22
7496,32.76
7497,28.98
7498,49.45
7500,48.05
7501,21.14
7502,35.48
7503,72.5
7504,78.56
7505,101.45
7506,33.88
7507,40.62
7508,46.31
7510,58.76
7511,27.15
7512,25.29
7514,41.34
7515,18.85
7518,80.8
7519,9.27
7520,71.38
7521,99.87
7522,66.21
7523,34.83
7524,40.78
7525,8.46
7527,67.05
7528,9.53
7529,16.69
7530,41.35
7531,67.63
7532,58.32
7533,42.19
7536,30.91
7538,84.05
7539,102.2
7540,21.64
7541,60.6
7542,38.26
7544,45.97
7545,48.25
7546,129.61
7547,22.92
7548,62.85
7550,75.72
7551,30.62
7552,57.9
7553,72.17
7554,75.32
7555,42.17
7556,28.03
7557,22.28
7559,92.45
7560,20.96
7561,34.86
7562,76.88
7563,32.61
7565,29.66
7566,19.93
7567,21.46
7568,83.25
7570,61.98
7571,24.76
7572,124.7
7573,43.64
7574,33.46
7575,50.38
7576,90.95
7577,19.38
7578,29.03
7579,31.21
7580,8.87
7581,25.24
7582,39.03
7583,43.46
7584,151.19
7585,38.02
7586,40.83
7587,16.73
7588,22.89
7589,60.03
7590,18.33
7591,32.06
7592,27.84
7593,88.31
7594,29.08
7596,77.79
7597,20.01
7598,29.54
7599,39.84
7600,46.26
7601,29.47
7602,71.0
7603,21.12
7604,41.96
7605,30.18
7606,69.18
7607,33.29
7608,34.72
7609,95.94
7610,11.99
7611,21.59
7612,69.53
7613,38.41
7614,32.8
7615,25.53
7616,74.55
7617,20.93
7618,37.24
7619,50.74
7621,50.22
7622,33.32
7623,112.49
7625,135.72
7626,40.49
7628,90.94
7629,87.96
7631,8.78
7632,42.11
7633,60.56
7634,71.01
7635,27.32
7636,72.03
7637,63.37
7638,49.07
7640,43.46
7641,105.54
7642,27.57
7643,19.45
7644,46.2
7646,42.72
7648,10.25
7649,46.14
7650,25.1
7651,51.07
7652,30.98
7653,54.75
7655,21.48
7656,30.05
7657,69.48
7658,69.57
7659,36.35
7660,85.82
7661,43.68
7662,33.08
7663,21.85
7664,83.12
7665,69.99
7666,65.75
7667,39.1
7668,44.98
7669,16.2
7670,27.38
7671,6.94
7672,39.27
7673,65.17
7674,46.61
7676,44.37
7677,80.52
7678,12.93
7679,56.33
7680,68.52
7681,46.9
7682,72.1
7683,17.88
7684,71.47
7685,37.25
7686,62.3
7687,37.8
7688,31.76
7689,39.5
7690,26.87
7691,15.62
7692,67.79
7693,50.09
7694,43.47
7695,20.99
7697,60.02
7698,44.6
7701,52.97
7702,18.8
7703,13.21
7704,16.95
7705,32.41
7706,25.67
7707,64.21
7708,28.67
7709,51.71
7710,40.75
7711,10.53
7712,37.06
7713,17.4
7714,21.94
7715,19.44
7716,103.38
7717,103.63
7718,17.07
7719,43.97
7720,26.35
7721,18.98
7722,63.95
7723,40.71
7724,26.59
7726,24.92
7727,78.93
7728,26.75
7729,68.67
7730,93.56
7731,96.96
7732,67.14
7733,25.78
7734,33.25
7735,23.69
7736,51.97
7737,34.54
7738,74.58
7739,52.54
7740,43.71
7741,74.86
7742,18.89
7743,41.75
7744,28.19
7746,42.22
7747,18.95
7748,9.03
7749,51.14
7750,56.69
7751,29.88
7752,94.28
7753,96.3
7755,47.7
7756,78.29
7757,19.92
7758,15.12
7759,110.41
7760,133.19
7763,28.04
7764,57.31
7765,86.04
7766,57.0
7768,53.63
7769,30.22
7770,73.38
7771,18.08
7772,40.21
7773,77.12
7774,58.46
7775,29.67
7777,46.49
7778,10.49
7780,19.99
7781,35.48
7782,26.62
7783,17.98
7784,47.2
7785,34.89
7786,39.19
7787,28.51
7788,79.84
7789,57.26
7790,38.54
7791,46.17
7792,48.74
7793,46.67
7794,37.82
7795,136.63
7796,41.17
7797,66.76
7798,25.88
7799,42.5
7800,39.86
7801,61.47
7802,63.49
7803,55.82
7804,38.27
7805,91.72
7806,50.33
7807,99.48
7808,14.43
7809,32.4
7810,28.67
7811,22.86
7812,86.4
7813,69.14
7814,68.41
7815,52.17
7816,45.25
7817,18.62
7818,13.05
7820,47.27
7822,21.23
7824,51.3
7825,102.16
7826,65.47
7827,28.88
7828,86.78
7829,56.9
7830,111.07
7831,27.46
7833,54.31
7834,63.83
7836,26.16
7837,44.22
7839,32.03
7840,59.38
7841,14.79
7842,30.55
7843,31.85
7844,28.2
7845,26.62
7846,46.91
7847,88.67
7848,21.97
7849,51.77
7850,76.89
7851,37.98
7852,26.46
7854,10.44
7855,46.55
7856,61.44
7859,48.3
7860,47.53
7861,30.1
7862,97.1
7865,96.07
7866,77.69
7867,23.24
7869,6.94
7870,20.81
7871,49.9
7873,10.71
7874,36.58
7875,61.52
7876,35.31
7877,20.72
7878,42.7
7879,56.93
7880,66.91
7881,32.27
7882,15.51
7883,25.66
7884,18.94
7886,29.96
7887,43.18
7888,67.13
7889,86.82
7890,41.12
7891,144.47
7892,2.11
7893,16.87
7894,56.78
7895,70.03
7897,30.53
7898,55.67
7899,50.87
7900,41.36
7901,27.44
7902,10.95
7903,47.85
7904,67.97
7905,58.01
7906,47.18
7907,53.54
7908,16.09
7909,61.91
7910,21.49
7911,67.02
7912,117.64
7917,7.75
7918,67.45
7919,25.46
7920,37.2
7921,80.86
7922,15.41
7923,20.75
7924,47.8
7925,33.63
7926,40.41
7927,13.86
7928,40.19
7929,8.74
7930,99.94
7931,22.08
7932,74.08
7933,19.82
7934,66.32
7935,45.77
7936,71.22
7937,64.11
7938,39.3
7939,29.1
7940,13.84
7942,106.86
7944,79.15
7945,64.81
7946,14.92
7948,53.68
7949,41.22
7950,97.57
7951,71.69
7952,40.55
7953,58.96
7954,10.32
7956,86.93
7958,9.55
7959,28.83
7960,40.92
7961,124.65
7962,9.35
7963,18.49
7964,99.84
7965,67.78
7967,49.44
7968,29.5
7969,40.87
7970,20.22
7971,20.9
7973,24.6
7974,22.02
7975,28.69
7976,54.34
7977,89.38
7978,42.98
7980,60.72
7981,88.95
7982,18.72
7983,70.42
7984,42.15
7985,93.91
7986,37.83
7987,50.56
7989,45.11
7990,32.06
7991,49.21
7992,49.06
7993,25.8
7995,55.61
7996,41.06
7997,31.53
7998,27.61
7999,113.69
8000,76.28
8001,53.22
8002,27.6
8003,49.38
8004,8.64
8005,63.39
8006,45.41
8007,25.95
8008,125.78
8010,45.08
8011,53.76
8012,38.82
8013,83.85
8014,141.08
8015,26.55
8016,32.58
8017,48.25
8018,44.99
8019,25.88
8020,104.99
8021,74.85
8022,69.99
8023,76.27
8025,22.2
8026,48.32
8027,66.59
8028,24.76
8029,68.98
8030,57.42
8031,34.8
8032,56.92
8033,29.99
8034,44.49
8035,44.47
8036,31.42
8037,77.89
8038,60.68
8039,45.96
8040,14.04
8041,33.93
8042,55.59
8043,9.56
8044,23.34
8045,93.96
8046,30.09
8047,37.46
8048,23.89
8049,29.45
8050,35.73
8051,64.27
8052,52.49
8053,39.28
8054,28.46
8055,26.71
8056,42.16
8057,11.99
8058,44.17
8059,20.72
8060,32.67
8061,68.37
8062,36.68
8063,125.6
8064,89.7
8065,85.45
8066,23.92
8067,13.95
8068,30.65
8070,36.41
8071,54.26
8072,96.1
8073,30.28
8074,101.88
8076,41.92
8077,29.68
8078,50.07
8079,73.79
8080,58.83
8081,41.64
8082,22.92
8084,33.96
8085,142.97
8087,36.2
8088,39.12
8089,39.33
8090,9.83
8091,30.38
8092,23.63
8093,46.13
8094,27.56
8095,13.7
8097,32.93
8098,70.22
8100,23.92
8101,19.09
8102,88.38
8103,46.79
8104,47.53
8105,38.91
8106,61.08
8107,20.45
8108,28.44
8110,115.69
8111,23.56
8112,48.93
8113,99.41
8114,26.67
8115,59.89
8116,73.77
8117,20.16
8119,36.92
8120,70.38
8121,61.54
8122,69.53
8123,57.69
8124,9.79
8125,106.43
8126,85.75
8127,21.91
8128,51.94
8130,92.82
8131,22.8
8132,28.43
8134,56.45
8135,39.89
8136,57.22
8137,53.56
8138,71.5
8139,97.33
8140,57.44
8143,95.59
8144,37.84
8146,82.64
8147,12.86
8148,99.53
8149,28.54
8150,3.84
8151,68.13
8152,80.18
8153,43.49
8155,41.57
8157,25.44
8158,63.46
8159,31.1
8160,32.05
8161,71.18
8162,100.29
8164,25.48
8165,60.44
8166,44.26
8167,58.49
8168,30.7
8169,97.69
8170,29.41
8171,55.54
8172,49.52
8173,52.03
8174,48.15
8175,115.84
8176,37.72
8177,28.87
8178,40.68
8180,26.51
8182,60.77
8183,49.72
8184,63.63
8185,69.49
8186,48.96
8187,41.62
8189,48.89
8190,51.89
8191,79.47
8192,52.95
8193,22.23
8194,53.55
8195,32.19
8196,27.74
8197,65.04
8198,27.36
8199,38.03
8200,41.73
8201,41.43
8202,51.13
8203,12.9
8204,55.39
8207,16.67
8208,45.88
8209,29.27
8210,12.19
8211,102.69
8212,40.8
8213,33.44
8214,48.89
8215,73.95
8216,15.11
8217,28.82
8218,68.78
8219,41.62
8220,92.42
8221,54.21
8222,43.78
8225,81.56
8227,26.84
8228,67.38
8229,10.89
8230,27.17
8231,47.97
8232,83.03
8233,56.06
8234,33.36
8235,46.41
8236,44.95
8237,39.16
8238,42.79
8239,52.26
8241,60.72
8242,41.3
8243,60.42
8245,43.6
8247,14.39
8248,68.98
8251,54.6
8252,130.48
8254,74.49
8255,27.83
8256,22.92
8257,43.96
8258,114.16
8259,52.71
8260,61.55
8261,54.41
8262,29.58
8263,23.48
8264,69.78
8265,101.75
8266,73.96
8267,132.47
8268,34.76
8270,82.77
8271,14.34
8272,53.73
8273,50.77
8274,13.19
8275,24.27
8277,28.76
8279,16.5
8280,51.49
8281,52.14
8282,26.53
8283,23.24
8284,79.99
8285,69.8
8286,70.78
8287,147.76
8288,71.76
8289,17.01
8291,46.31
8292,25.37
8294,101.72
8295,19.65
8296,104.82
8297,60.47
8298,71.83
8299,103.89
8300,74.69
8302,41.08
8303,39.8
8304,57.36
8305,62.33
8306,59.98
8307,119.72
8308,55.29
8309,83.02
8310,5.5
8311,36.35
8312,27.04
8313,9.08
8314,38.28
8315,41.01
8316,22.1
8317,30.4
8318,27.21
8319,30.2
8320,39.76
8321,18.66
8323,58.85
8324,63.41
8327,63.74
8328,31.26
8329,129.53
8330,52.19
8331,30.93
8332,30.88
8333,7.29
8334,27.85
8335,3.54
8337,57.33
8338,57.04
8339,38.93
8340,10.38
8342,67.91
8343,53.9
8344,38.34
8345,68.81
8346,63.12
8347,28.4
8348,26.53
8349,13.1
8350,36.07
8351,36.8
8352,30.53
8353,29.66
8354,16.09
8355,59.48
8356,41.12
8357,33.74
8358,50.21
8359,154.91
8360,86.24
8361,29.1
8362,83.08
8363,109.25
8364,83.21
8365,15.98
8366,25.46
8367,27.56
8369,34.76
8370,46.22
8372,28.5
8373,50.03
8374,68.52
8375,18.35
8377,14.6
8378,79.94
8379,20.57
8380,54.17
8381,109.83
8382,55.84
8384,26.96
8385,52.75
8386,57.36
8387,40.45
8388,76.34
8389,113.41
8390,39.1
8391,70.48
8392,46.71
8393,71.41
8394,58.15
8395,6.83
8397,63.9
8398,49.68
8400,92.77
8401,138.56
8402,38.21
8403,54.01
8404,28.39
8405,110.65
8406,97.82
8407,66.31
8408,31.89
8409,30.1
8410,47.98
8411,27.24
8413,40.13
8414,39.76
8415,22.46
8416,54.08
8417,54.02
8418,33.67
8419,28.34
8420,30.18
8422,47.97
8423,32.77
8424,53.37
8425,15.91
8426,59.79
8427,41.22
8428,117.49
8430,28.12
8431,94.12
8433,49.62
8434,24.2
8436,17.47
8437,32.04
8438,43.63
8440,73.05
8441,40.13
8442,51.78
8444,34.97
8445,49.72
8446,31.93
8447,65.02
8448,46.82
8449,108.02
8450,123.93
8452,28.62
8453,58.88
8454,7.35
8455,25.16
8456,15.39
8457,52.0
8458,22.77
8461,43.4
8462,64.65
8463,83.67
8464,43.4
8465,20.79
8466,22.88
8467,61.92
8468,38.94
8469,1.89
8471,64.52
8473,48.69
8474,28.23
8476,51.22
8477,99.12
8478,47.58
8479,43.4
8480,21.29
8481,27.55
8482,45.27
8483,58.83
8484,27.58
8485,56.39
8486,35.64
8487,79.5
8488,40.93
8489,48.02
8490,54.65
8491,61.13
8493,88.07
8494,66.65
8495,80.85
8496,21.22
8498,51.44
8499,53.52
8501,75.39
8503,40.06
8504,36.26
8505,79.17
8506,74.98
8508,31.49
8510,65.48
8511,27.02
8512,43.84
8513,70.82
8514,50.64
8515,66.02
8516,37.08
8517,54.5
8518,39.8
8519,61.41
8520,31.83
8521,23.89
8522,62.29
8523,67.92
8524,9.32
8525,38.78
8526,44.83
8528,53.99
8529,44.55
8530,61.39
8531,31.35
8532,47.72
8533,35.59
8534,37.29
8535,28.44
8537,70.5
8540,61.06
8541,23.12
8542,90.08
8543,57.48
8544,75.09
8545,73.29
8546,37.19
8547,59.34
8549,23.33
8550,37.61
8551,42.82
8552,36.93
8553,95.1
8554,31.59
8555,45.65
8556,32.19
8558,50.04
8559,48.93
8560,66.27
8561,16.76
8562,18.58
8563,28.45
8564,63.86
8565,31.71
8566,74.78
8568,70.47
8569,30.33
8570,33.92
8571,48.04
8572,25.11
8573,48.75
8576,60.94
8579,53.51
8580,58.88
8581,30.99
8582,41.63
8583,39.51
8584,28.12
8586,88.77
8588,57.09
8590,47.45
8591,23.1
8592,40.29
8593,77.57
8594,12.79
8595,37.77
8596,99.21
8598,29.63
8599,47.24
8600,38.64
8601,24.22
8603,45.69
8604,29.26
8606,19.91
8607,28.53
8608,66.22
8609,46.93
8610,24.89
8611,65.31
8612,53.37
8613,32.05
8616,32.78
8617,52.79
8618,20.81
8620,72.22
8621,108.86
8622,22.26
8623,9.14
8624,21.63
8626,36.94
8627,79.15
8628,48.48
8629,66.53
8630,24.17
8631,26.58
8632,67.58
8633,65.18
8634,92.72
8635,32.0
8636,30.05
8637,15.69
8639,35.68
8640,37.92
8641,39.83
8643,100.84
8644,8.96
8645,33.46
8646,37.75
8647,63.84
8649,14.39
8651,8.94
8653,40.26
8654,18.46
8655,42.24
8656,63.85
8657,26.43
8659,41.69
8661,63.98
8662,74.32
8663,100.19
8664,110.97
8665,10.9
8666,38.05
8667,47.71
8668,37.25
8672,21.45
8673,52.77
8674,46.61
8675,77.35
8676,68.13
8678,58.43
8679,45.86
8680,47.01
8681,15.07
8682,81.94
8683,22.66
8684,124.41
8685,28.91
8686,5.42
8687,3.58
8689,51.81
8690,62.83
8691,27.05
8692,35.89
8693,39.52
8694,23.02
8695,53.62
8697,101.16
8698,34.55
8699,90.38
8700,99.41
8701,39.77
8703,51.32
8704,77.8
8705,39.99
8706,29.05
8707,78.38
8708,15.98
8709,44.99
8710,61.33
8713,40.62
8714,53.66
8715,31.84
8716,74.72
8717,39.68
8718,58.25
8719,27.27
8721,38.95
8722,45.56
8723,12.61
8724,108.56
8725,86.11
8727,24.66
8728,77.13
8729,128.01
8730,27.88
8731,21.18
8732,67.76
8733,16.13
8734,68.44
8736,83.8
8738,39.35
8739,92.59
8740,41.86
8741,56.64
8742,46.68
8743,23.46
8744,62.6
8746,24.17
8747,14.48
8748,49.74
8749,40.59
8750,41.86
8751,50.76
8752,29.63
8754,42.29
8755,47.08
8756,53.32
8757,39.84
8758,32.71
8759,102.97
8760,15.02
8761,42.96
8763,59.11
8764,11.51
8765,26.73
8766,20.71
8767,29.69
8768,7.79
8769,19.09
8770,23.44
8771,30.99
8772,186.12
8773,43.38
8774,15.99
8776,62.39
8777,78.58
8778,47.26
8780,44.49
8781,44.04
8782,87.98
8783,10.76
8784,31.75
8785,23.93
8786,17.13
8787,40.73
8788,61.45
8789,12.95
8790,13.79
8791,133.72
8792,117.87
8793,40.8
8794,81.36
8795,25.19
8796,31.34
8798,66.41
8799,33.53
8800,52.17
8801,16.37
8802,22.76
8803,124.37
8804,8.37
8805,75.57
8806,44.03
8807,4.13
8808,96.57
8809,84.3
8810,61.26
8811,39.94
8813,68.51
8815,50.38
8816,38.12
8818,86.98
8819,49.21
8820,58.42
8821,78.4
8822,61.51
8823,113.97
8824,34.63
8825,76.45
8826,35.41
8827,33.0
8828,46.21
8829,32.71
8830,42.71
8832,19.16
8833,47.95
8834,57.57
8835,10.77
8836,18.46
8837,37.41
8839,55.0
8840,73.52
8842,63.78
8845,26.74
8846,49.9
8847,36.51
8848,72.73
8849,69.32
8850,42.46
8851,60.31
8853,16.76
8854,60.45
8855,67.94
8856,55.65
8857,82.61
8858,31.45
8859,94.79
8861,59.07
8862,10.53
8863,59.63
8865,31.9
8866,16.54
8867,111.94
8869,27.47
8870,28.64
8871,95.9
8872,26.53
8873,58.15
8874,17.68
8875,62.44
8876,32.02
8877,52.01
8878,107.96
8880,124.51
8881,64.61
8883,81.72
8884,18.04
8885,32.68
8886,30.24
8887,47.13
8888,21.37
8889,90.23
8890,74.32
8894,44.89
8895,14.4
8896,31.69
8897,25.41
8898,71.57
8899,60.49
8900,23.66
8901,74.37
8902,74.74
8903,29.69
8904,30.0
8905,57.01
8907,20.18
8908,22.91
8909,58.71
8910,36.88
8911,79.7
8912,38.08
8913,32.5
8915,45.39
8916,49.13
8917,38.43
8918,50.16
8919,43.14
8922,50.43
8923,74.28
8924,12.27
8925,30.77
8926,42.77
8927,35.64
8928,69.56
8929,96.09
8930,55.37
8933,55.72
8934,22.28
8936,27.65
8937,23.92
8939,38.01
8941,26.32
8942,36.48
8943,17.5
8944,43.95
8945,5.31
8946,50.16
8947,27.89
8948,31.71
8949,21.2
8951,93.69
8952,92.74
8953,23.42
8954,30.04
8955,34.04
8957,76.56
8959,69.44
8960,11.89
8961,57.48
8962,24.81
8963,36.68
8964,132.87
8965,26.82
8966,26.63
8967,62.62
8968,23.71
8969,106.29
8970,70.71
8971,44.55
8972,42.77
8973,52.99
8974,40.4
8977,79.14
8978,33.58
8979,24.47
8980,41.54
8981,54.25
8983,60.15
8984,50.43
8985,20.8
8986,19.57
8987,106.8
8989,35.66
8990,88.42
8991,60.31
8992,21.83
8993,65.75
8994,83.79
8995,34.66
8996,42.98
8997,11.33
8998,76.27
8999,55.94
9000,50.93
9001,102.49
9002,49.59
9003,26.25
9004,30.25
9006,12.49
9007,195.93
9008,34.64
9009,44.14
9010,39.8
9011,39.71
9012,81.79
9013,57.38
9014,45.45
9015,36.24
9016,35.14
9017,8.7
9018,37.58
9019,24.88
9021,35.49
9022,42.23
9023,49.59
9024,24.79
9025,15.51
9027,5.63
9028,64.25
9030,29.48
9031,39.88
9032,102.15
9033,73.17
9034,20.18
9035,101.26
9036,184.27
9037,35.79
9038,57.26
9039,51.05
9040,39.79
9041,50.96
9042,38.65
9043,55.24
9044,31.75
9045,66.15
9047,28.88
9049,50.41
9050,78.9
9052,37.68
9054,78.39
9055,84.28
9056,13.06
9057,68.03
9058,36.81
9059,77.99
9060,123.83
9061,73.05
9062,67.63
9064,85.28
9065,92.18
9066,35.23
9068,30.48
9069,42.08
9070,54.58
9071,51.17
9073,71.34
9074,21.83
9075,38.46
9076,29.43
9077,40.83
9078,33.79
9079,35.65
9080,30.91
9081,94.23
9082,45.17
9083,58.97
9085,32.25
9086,24.27
9087,50.65
9088,56.49
9089,82.65
9090,38.86
9091,69.95
9092,47.67
9093,65.33
9094,35.53
9095,39.91
9096,17.33
9097,23.39
9098,48.67
9099,69.53
9100,1.69
9101,67.79
9102,42.83
9106,4.87
9108,48.9
9109,9.05
9110,9.62
9111,31.27
9112,41.66
9113,26.68
9114,19.01
9115,26.7
9117,6.98
9118,42.38
9119,43.5
9120,65.7
9121,105.6
9122,70.39
9123,45.42
9124,42.58
9126,71.41
9127,148.87
9128,30.2
9129,52.08
9130,56.88
9131,35.55
9132,53.89
9133,3.69
9134,121.93
9136,77.64
9137,6.25
9138,98.23
9139,10.56
9141,54.67
9143,95.67
9145,115.01
9146,47.66
9147,18.36
9148,24.71
9149,79.06
9150,50.81
9151,35.78
9152,49.88
9153,82.29
9154,9.14
9155,19.18
9156,99.77
9157,80.11
9158,45.79
9159,24.05
9160,23.11
9161,49.11
9162,33.99
9163,23.2
9164,21.36
9165,102.55
9166,28.12
9167,99.78
9168,96.44
9169,151.09
9171,55.83
9172,54.2
9174,20.68
9175,47.76
9177,36.9
9179,55.75
9180,13.94
9183,42.53
9184,100.75
9185,42.05
9187,39.04
9188,34.55
9190,123.45
9191,44.63
9192,44.08
9193,37.38
9194,35.35
9195,20.23
9196,24.96
9197,46.56
9198,71.47
9199,50.17
9200,20.77
9201,150.18
9202,55.91
9203,57.84
9204,54.97
9205,51.64
9206,37.94
9207,41.03
9208,6.55
9209,39.16
9210,47.61
9211,62.48
9212,18.91
9213,60.15
9214,20.92
9215,41.14
9216,11.18
9217,54.91
9219,45.78
9220,33.1
9221,102.76
9222,54.72
9223,49.83
9224,99.28
9225,14.91
9226,30.32
9228,68.28
9229,76.52
9230,45.61
9231,36.45
9232,66.73
9233,32.07
9234,26.32
9237,41.92
9239,41.41
9240,14.77
9241,67.72
9242,121.31
9243,23.93
9244,14.88
9245,30.36
9246,43.39
9247,53.25
9248,12.88
9249,82.3
9250,21.92
9251,82.09
9252,15.57
9253,34.12
9254,76.98
9255,58.86
9257,73.29
9259,23.36
9260,15.35
9261,22.01
9262,183.39
9263,57.91
9265,54.89
9266,55.43
9267,31.04
9268,40.31
9269,66.07
9270,56.67
9271,87.2
9272,27.5
9273,42.06
9274,57.1
9275,80.21
9276,69.55
9278,49.29
9279,22.82
9280,66.64
9281,61.58
9283,37.43
9284,22.02
9285,22.02
9286,49.26
9288,71.37
9289,14.44
9291,37.7
9292,46.4
9293,53.66
9294,56.02
9296,45.26
9297,21.69
9298,32.12
9299,65.86
9300,33.59
9301,50.33
9302,36.41
9305,20.73
9308,63.57
9309,47.45
9310,57.64
9311,44.26
9312,81.09
9313,27.36
9315,52.5
9318,123.68
9319,47.71
9320,43.22
9321,24.69
9323,39.65
9324,49.59
9325,44.47
9326,26.55
9327,46.38
9328,55.32
9329,103.41
9330,24.49
9331,13.51
9332,68.35
9334,25.84
9336,43.88
9337,41.95
9338,33.33
9339,87.43
9340,20.45
9341,85.78
9342,30.14
9343,41.26
9344,35.73
9345,49.28
9346,59.48
9347,71.28
9348,61.63
9349,24.62
9350,52.15
9351,81.61
9352,19.25
9353,70.65
9354,70.14
9355,47.22
9357,50.19
9358,15.26
9359,31.03
9360,21.45
9361,25.12
9362,40.97
9363,61.59
9364,22.84
9365,54.58
9366,61.41
9367,66.96
9369,56.15
9370,22.79
9371,63.04
9372,76.87
9374,78.84
9375,31.66
9376,72.37
9377,62.47
9378,38.74
9379,36.71
9380,51.95
9381,19.76
9382,51.33
9383,36.7
9385,55.49
9386,27.68
9387,21.53
9388,41.86
9389,90.68
9390,12.78
9391,55.88
9392,54.77
9393,39.69
9394,25.13
9395,40.28
9396,25.13
9397,57.48
9398,30.21
9399,63.03
9400,37.75
9401,51.48
9402,49.99
9403,54.19
9404,56.71
9405,86.74
9407,41.38
9408,42.84
9409,14.03
9410,36.41
9411,32.61
9412,56.65
9413,27.78
9414,9.23
9415,22.39
9416,17.34
9417,80.04
9418,27.61
9419,43.58
9420,55.56
9421,11.89
9422,10.5
9424,61.1
9425,57.22
9426,48.71
9427,46.18
9428,99.51
9430,35.65
9431,13.99
9432,46.0
9433,45.48
9434,43.59
9435,12.47
9436,69.6
9437,16.85
9439,65.57
9440,33.68
9441,38.49
9442,61.73
9443,88.01
9444,73.74
9445,35.71
9446,40.29
9447,68.55
9448,76.32
9449,32.87
9450,21.97
9451,8.14
9452,48.83
9453,27.62
9454,55.7
9455,26.39
9456,46.39
9457,36.61
9458,167.03
9459,32.02
9460,47.66
9461,60.94
9462,76.73
9463,40.59
9464,16.2
9465,32.02
9466,104.11
9467,24.81
9469,57.6
9470,30.66
9472,32.67
9473,21.38
9474,84.91
9475,11.23
9476,52.4
9477,52.36
9479,32.24
9480,33.89
9481,64.86
9482,70.44
9483,33.63
9484,37.34
9485,127.9
9486,56.02
9487,33.95
9488,52.71
9490,45.19
9491,36.37
9492,25.44
9493,42.49
9494,48.63
9495,27.08
9496,67.16
9497,33.39
9498,15.85
9499,17.59
9500,38.33
9501,98.78
9502,11.7
9503,29.82
9505,40.2
9506,31.45
9507,41.56
9509,6.77
9510,33.01
9511,65.22
9512,22.94
9513,73.87
9514,16.48
9515,37.64
9516,32.79
9517,47.75
9519,37.55
9520,16.31
9521,76.92
9522,54.45
9523,38.01
9524,11.91
9525,38.98
9526,49.56
9527,10.71
9528,46.96
9529,40.24
9530,23.48
9531,156.18
9532,33.07
9533,155.64
9534,67.81
9535,95.94
9536,125.82
9540,28.0
9541,47.09
9542,48.92
9543,53.24
9544,66.97
9545,73.35
9546,46.88
9547,17.01
9550,72.97
9551,53.36
9552,53.32
9553,49.56
9554,85.81
9555,71.22
9556,25.87
9558,34.14
9559,45.47
9560,35.1
9561,29.5
9562,104.27
9563,89.03
9564,17.39
9565,31.68
9566,25.58
9567,42.47
9568,44.2
9569,27.49
9570,18.74
9571,122.18
9572,59.53
9574,11.12
9575,59.38
9576,42.04
9577,38.5
9578,45.54
9579,131.89
9580,18.46
9581,40.89
9583,71.55
9584,38.82
9585,60.87
9586,12.87
9588,67.7
9589,54.67
9590,31.47
9591,52.04
9592,15.54
9593,37.06
9594,94.97
9595,39.5
9596,17.36
9597,57.61
9599,9.72
9600,39.59
9601,19.66
9602,42.75
9603,100.46
9604,66.22
9605,62.05
9606,78.42
9607,30.25
9608,74.26
9609,39.04
9610,56.12
9611,43.79
9612,83.93
9613,12.42
9614,75.54
9616,76.17
9617,27.63
9618,67.87
9619,48.05
9620,51.95
9621,18.03
9622,38.54
9623,71.53
9624,59.68
9625,68.35
9626,41.4
9627,85.34
9630,62.52
9631,17.33
9632,70.6
9633,75.59
9635,17.87
9636,51.65
9637,23.05
9638,76.94
9639,73.35
9640,105.95
9641,60.4
9642,18.6
9643,26.98
9644,50.12
9645,45.47
9646,57.42
9647,31.28
9648,22.83
9649,12.14
9650,54.56
9651,40.06
9652,31.91
9653,57.73
9654,42.9
9655,48.63
9656,50.52
9657,100.31
9658,110.61
9659,42.83
9660,71.27
9662,42.99
9663,48.12
9664,56.71
9665,28.02
9666,58.01
9667,83.47
9668,19.17
9669,36.16
9670,55.56
9671,23.44
9672,19.4
9673,42.35
9674,34.11
9675,34.41
9676,121.74
9679,5.8
9680,24.6
9681,48.62
9682,55.61
9683,86.88
9684,35.38
9685,81.11
9686,50.56
9688,50.24
9689,47.64
9690,32.07
9691,134.54
9692,33.6
9693,3.91
9694,23.3
9695,31.01
9697,27.67
9698,34.34
9699,78.07
9701,56.2
9702,112.79
9703,38.47
9705,32.56
9706,39.96
9707,22.77
9709,76.56
9710,66.77
9711,118.38
9712,53.51
9713,103.79
9714,70.8
9715,40.84
9716,44.47
9717,42.9
9718,33.07
9719,97.89
9720,39.46
9721,23.78
9722,33.52
9723,65.42
9724,59.97
9726,72.29
9727,72.46
9728,47.02
9729,37.29
9730,40.09
9731,12.52
9733,76.93
9734,60.3
9735,29.11
9736,57.01
9737,94.28
9738,56.32
9739,33.77
9740,47.38
9741,97.77
9742,39.79
9743,111.51
9744,121.25
9746,97.15
9747,38.68
9748,18.59
9749,77.21
9751,48.39
9752,146.74
9753,32.32
9754,61.32
9756,32.91
9757,20.6
9758,27.98
9759,95.76
9760,39.82
9761,45.6
9762,19.16
9764,61.41
9766,71.28
9767,69.83
9768,53.34
9770,27.88
9771,41.15
9772,22.79
9773,91.74
9775,54.71
9776,29.02
9777,19.48
9778,52.9
9779,35.82
9780,73.91
9781,32.55
9782,65.15
9783,92.92
9785,38.09
9786,35.63
9788,56.01
9789,101.86
9790,34.14
9791,7.04
9792,70.65
9793,39.23
9794,55.09
9796,36.39
9797,38.51
9798,65.26
9799,30.54
9800,65.81
9801,48.57
9803,53.57
9804,20.29
9805,6.93
9806,51.7
9808,38.51
9809,87.09
9810,29.75
9811,65.54
9814,29.29
9815,10.28
9816,38.0
9817,106.16
9818,21.73
9819,105.02
9820,40.85
9821,30.17
9822,61.55
9823,36.81
9825,78.37
9826,44.91
9827,51.0
9828,68.99
9830,74.25
9831,74.9
9832,17.49
9833,72.61
9834,58.76
9835,17.64
9836,55.92
9837,77.16
9838,31.33
9839,118.3
9841,50.7
9842,89.19
9843,47.64
9844,81.5
9845,73.2
9846,65.52
9847,58.91
9848,18.33
9850,51.74
9852,41.59
9853,79.99
9854,45.66
9855,48.92
9856,5.07
9857,67.05
9858,76.3
9860,111.12
9862,83.75
9863,71.03
9864,24.86
9866,44.46
9867,26.14
9868,29.22
9869,17.58
9870,132.37
9871,20.94
9872,26.3
9875,18.96
9876,28.59
9877,129.35
9878,112.63
9879,76.62
9880,10.37
9881,59.88
9882,34.09
9884,44.81
9886,65.7
9887,48.2
9888,38.05
9889,61.96
9890,19.49
9891,59.27
9895,19.49
9896,40.61
9898,46.93
9899,18.14
9900,86.95
9901,49.65
9902,86.36
9903,146.88
9904,51.47
9905,40.91
9906,35.36
9907,35.8
9908,79.81
9909,46.71
9910,29.66
9911,43.7
9912,144.35
9913,101.68
9914,88.75
9915,18.18
9917,99.43
9918,40.81
9919,62.2
9920,74.34
9922,36.56
9923,97.09
9926,62.96
9927,57.51
9928,122.31
9929,33.69
9930,77.38
9931,48.92
9932,41.79
9933,29.88
9934,38.26
9935,33.75
9937,22.18
9938,27.31
9939,24.75
9940,34.78
9941,71.1
9943,58.47
9944,62.72
9945,80.54
9946,24.86
9948,43.85
9949,43.08
9950,39.19
9951,76.74
9952,14.16
9953,71.14
9954,48.57
9955,79.48
9956,18.14
9957,28.61
9959,5.83
9960,82.58
9961,57.01
9962,47.32
9963,62.89
9964,32.92
9965,21.84
9966,20.7
9967,78.38
9968,133.33
9970,18.39
9971,76.59
9972,10.76
9973,55.97
9974,66.16
9975,60.91
9976,52.68
9977,50.8
9978,44.91
9980,47.13
9981,40.78
9982,40.81
9984,55.89
9985,89.75
9988,37.47
9990,46.9
9991,14.33
9992,77.45
9993,24.67
9994,57.82
9995,51.6
9996,18.83
9997,47.94
9998,7.3
9999,122.96
