x,y,psi
297.21632042766174,196.25279112094827,1.9573282775264724
-405.4343057355544,-25.670670330150323,-0.15026874797070544
368.84505119521765,-56.458152796912735,0.14549337609140833
90.91194864557927,343.0535061637636,-1.567525385867363
-301.3732984750872,-85.4570735195432,0.6600047398453781
-280.71485201252386,265.20156637618936,-1.238385610281442
315.7873861198818,40.05735578343439,0.4855897846563182
-445.0018719647996,-86.8057465108815,-2.0754736108648775
-75.43141701357516,-465.1566455102091,-2.1396187956425594
-285.6198119776446,85.5637281584372,-0.5213175110753538
371.4216732465365,211.29798125565364,-0.4598065474297277
-272.94447976968485,-218.5925320008615,-1.4570124595726084
84.6773501825089,-352.2725835729006,-2.314745256894696
444.88528034067673,-124.10284374003359,-2.8952255697144462
-130.02467272968295,-17.215104935895607,-2.9830564071016936
122.8318263928005,-76.21362546495551,-1.4353918612607495
74.26879567491217,-4.926276641937535,-0.2396818917275927
-17.400582045032056,-437.8167131320433,1.4215284609507552
359.63528606821313,223.94069607292286,-0.1578857608681501
-9.116780550543929,447.7551477482288,2.5387261720296346
-42.20978188695539,-472.9812299187727,-2.920300094959859
312.028745808987,294.8642946791093,-2.0064684907397474
208.9182589140374,251.32185485821785,-1.0146433663490826
-402.3148556312574,134.81173130014326,0.4869229102132038
-29.59600605401219,164.82735562573055,2.2163066445901975
-222.69806232764802,313.31684830244563,-0.9412088945106207
183.51365822835731,-11.059688242523771,-1.4577701011876056
-184.36490306597113,-428.6153275144912,-2.752731537242554
-347.2474469797149,9.132382367790962,2.0188092902184316
-213.08369358816796,-225.07833026448571,-0.756078036004455
244.2436511995005,-44.278119051610915,0.44956313656950986
-384.503837969492,-175.33804581973462,3.0382682986604923
-304.92782118494466,112.27432970675127,-3.131573670997629
-353.6643026509569,79.22848159448206,-2.227702466623475
13.80030219447947,70.86473636079195,1.753706096694704
221.98501312172286,-305.56505122193266,1.9171725318745434
10.352015381081005,-375.8574252856335,1.6917295423070424
36.239556291442675,-375.7300185539559,0.23247088858224307
-324.97795161803424,-334.48395324925946,3.0087471474044403
391.50402212371216,64.049662803213,-0.6522916472957858
-181.53702569804824,-224.6138274514507,0.6405311461438585
129.50695385217148,-290.5628715112796,-2.743433455277873
280.6723801875103,286.75664676722835,-0.566382346293909
17.063082409080476,120.12741967435393,1.3980092806885143
-387.77634877540606,-59.60255468682035,-1.6415522770062485
356.13595566809056,-167.26796512704834,2.7886509865853455
127.94765690483452,181.1413670562559,1.1735945112018369
-105.4925804414899,139.139860513027,-1.334703233312556
267.4755683774659,-41.80462723493403,1.6901700787925735
-285.04782149932385,55.851243404435436,-2.619052981290139
35.59615916966511,-361.2382486161609,2.9830956757423737
-317.53605844195846,-27.016641700027535,-2.8319242379182707
474.7281471245932,-48.63108226477177,2.7234836865760608
5.989069034517169,-155.8313675701148,-1.552864884058535
-98.73829130135539,197.7067660821279,1.6199566452800909
-21.037136028172895,-193.59228616434797,-3.1411295863945536
144.37447355813646,-360.4779772456563,-1.5441550607605043
-62.23521720163145,234.85570149082125,1.5651452717110415
71.37347874350935,320.66204780511856,0.20317352555397283
223.0321071934965,85.16074521278286,-2.4193269959611636
54.00301149606023,185.65342495091,-0.6683440180761901
141.2533059377259,-79.23760760441492,-0.7819464636018258
-389.04887771240766,-12.985050365567659,0.42827601114213154
-180.13122648951042,-12.873561196948126,1.0554310736250807
213.97959235843885,15.112447177363995,2.141499571367106
-253.30125683714857,-146.1536860685086,-0.017395645833185203
-412.89316256265994,-137.24861587318816,-0.6784475593226391
-148.70536606157324,32.73311624335602,-2.23696140998305
-278.05484982137733,340.4318680173564,1.9152591749143406
-87.48555469454686,-123.69665448771028,1.3406457962877152
-474.33482729676257,-1.9796044869515492,-0.5737968345261222
-307.4529127787729,118.01761394807028,0.11581361900916054
83.98753914982925,-466.918368676194,1.0378744210069115
-146.5092114781096,-343.87075731086907,-2.1060885929186783
148.38653060132447,385.4120249914531,-2.9707038713782574
-77.07520332666523,-62.87297793583352,-1.1466580758848441
23.578650390765308,-255.4373605348992,0.600578390964412
-166.71309909743496,26.303106047596177,-0.08415641046604305
167.9542674039151,201.63218838307154,1.2098564023358476
166.35968641527867,21.7362884552345,2.008670289241018
217.78557699128453,-162.62405149758993,-0.07261812322756978
-47.50304960735784,306.1320262878709,-2.297968062927223
-79.089161811473,-96.78199675561902,2.2030606966226296
-391.38879370282183,81.46878886585674,0.47117812250930413
-232.6130709934113,277.17538300401645,1.5075716538966173
183.71449796354378,167.49886987262272,1.2859459444506172
-335.2662799442178,-92.63881369584212,2.941861322276986
45.54372207812498,142.7764567368615,-1.286122024786861
-311.9794929432731,189.07278152341584,1.2899804981911167
457.2818747996498,71.18120765664575,-0.8439804901097157
165.69281706414367,-215.77178907569683,-0.6571538216124955
-285.66491918608455,-269.195535156274,-1.6927238206212991
-5.433973499960204,176.40317841186913,-0.9801129724200792
-305.00765798975675,268.82600676425335,2.8167315632755345
-209.66482327043065,-152.837692387584,-1.3033158067395394
-11.692004710271762,206.89541949131765,-1.5959880925391643
-365.9967803080528,-39.383693872629436,0.5223713248153312
-72.6755733078523,15.262466851880738,-1.5203049214659732
327.8413321084106,289.2434920041722,-0.1672224179071713
42.07825698827876,14.388609210688884,2.099691345202424
112.61952932387727,-379.1777113829387,-1.693944783965389
-226.39225460070963,107.76537896935777,-0.46061144185607805
41.09178716805363,-409.8029930399129,0.6942274796720302
-222.02483270454692,415.2435969006265,0.2866949884625294
-239.75543543063915,22.498391482392776,2.9827740703041448
-76.00213354774337,356.86381708585225,1.1332997322681333
367.19974938522773,44.02234975910561,1.5076267025517138
-332.747084030273,-146.6669371342972,2.9339707513646935
224.8281274959678,-39.36429572186896,-0.5376017427374271
433.7471206490898,-177.2549956186622,-0.9086754211299977
-94.03174985858769,-307.69027350775565,-2.8659968793444617
391.814703715749,-204.03928122855098,-1.9842028613514937
251.72033097173244,-313.15709901078196,-1.651286242467371
-135.7376619744964,-225.2489008695726,-1.988600082285339
404.14571518927403,-155.98987311959948,1.6008544142386665
24.35416633858942,-302.1670764764674,0.2254594207318652
446.3575582000187,62.274505013918336,1.0532742383105012
-357.5661180099196,-80.30314764220547,2.013523140492974
-374.83195483733755,250.518005697213,-1.6915972164223352
-161.9170994313433,365.5391262704825,-1.0937521436452662
386.9561516039583,132.70566662528748,1.30916616844436
-203.2702444125833,273.19435094567166,-0.6738154154194675
-456.34239314221105,109.87635956027812,-2.957677912819579
-296.31006433760086,-246.77134455898363,-0.4086884121190346
213.29143137485136,229.52450619959805,2.5652554578821922
-374.2258574694486,4.717016389050714,-0.5716347016290579
-72.62355804151574,5.536951271470536,-1.0540111434703872
210.9200632746403,160.07544263574846,3.0757768086560633
-270.7633000894619,-281.2419993159543,0.907389751342051
225.06924879899685,129.67900408258913,-0.8419592312093442
-377.7704622614602,-4.900897672550219,-2.5005850330793717
-99.42605624638274,-299.02654766148186,1.808611403167153
-172.10706751064737,48.687319210835504,1.3073733648826487
127.51053905886329,-230.42755094785687,2.6509751507055155
234.14707250965895,277.2762078525613,-1.7764096073896236
71.18996050441173,-362.54280882378026,-2.4195016663065694
-344.8879547000111,117.30278476584182,1.407889205676038
52.15913297373303,384.8233529876281,-1.863618887602168
186.18320704676697,-340.4313644175112,-2.035099607452894
-81.99090533106741,305.2671328117211,-1.1321839027009388
-353.5888233213162,-285.71382145438116,1.990671073882413
227.66641608231012,-182.8208198325035,0.2484158163205934
-57.140157743241026,-312.5156039648882,-2.8535063760821746
183.40183553901167,414.6808130321658,-0.22685644969151664
-344.9003341573957,-258.77650585822784,1.1559779909584478
321.5836847842051,-242.95341858703497,0.24107600884794378
25.766717586394446,-152.4406340284509,0.4552181462232281
459.98352053843587,18.341774381692712,-1.729275046445922
238.41685315722313,-328.59668649748767,2.1849106590083416
129.7506685649478,461.84429412332724,0.38577952024821993
-185.37985423243265,-28.85646485229231,1.3398642159518053
297.977438864756,333.68304735722757,3.0276421683935784
-23.79751371453161,-193.97372721385415,-0.45114113913515164
44.22173902257228,-374.45341205677613,2.3943121418257327
-53.17170368980295,162.75581707168143,-3.0958446937735467
-425.05480536533,121.84539821139825,-2.9316884434778214
175.21247001799495,-394.3098925687552,0.5672454777398257
-168.2900291121301,321.22746709067013,-1.1846983875890749
-243.8945217054925,-186.71911791623256,-1.5816249755746248
86.26886689268181,96.59973116943405,-1.3952733008287548
-2.6022043967612114,401.18964588951553,-1.1410080130816866
-180.47537282035094,-269.103484704253,1.4385208005209709
364.85186632026694,-183.01605317857488,0.4347711160374774
-349.15098987303287,278.9772931105715,1.816066576031166
-377.20244791423204,-287.22900042592045,2.0746862989005495
-441.3241376607471,-50.39714870012174,2.154723269281514
50.45946812154787,32.28350038871941,-0.5363066277861588
265.6033360782766,-113.8851775336658,-0.494653839548878
-123.60352237661823,391.35023103661786,2.6783075150512916
-177.9512208968777,92.85673865052146,1.0163906408549872
105.50259682551173,-330.6767351763973,-2.636002425501952
88.35181627530525,-74.59574307367286,0.2650684501084566
215.52698747361546,-18.63652688329637,-0.9047330706024774
61.03890388992119,37.74922569573941,3.062644365591085
-425.6478517934342,43.33046485052646,-3.0557932043423515
74.30142677837388,216.26375999819106,0.7048532134235082
217.6366125622357,-181.08703871998807,1.4050653410729383
39.95756575621448,-460.7581250387136,-1.3263378726525668
-379.0325692270724,137.4678751802593,2.9759774283796743
-59.67549623156366,-68.16061529176348,2.2590352522957238
36.53813586566756,193.29323201740146,2.61162382336951
-337.98599456845284,171.15712260893352,-3.020754060845338
186.56404895230122,313.95511896317254,0.43901967452223634
208.5773804292885,-109.50743754971893,-1.290250582584075
-146.18088913117688,-440.3785419120223,2.193011590812705
253.39333118051525,-278.56239266529656,0.834719012391941
94.193696648577,339.0505505170339,0.24427142233755417
217.86409236975837,298.02613447359863,-2.421613949507426
-369.1272252459343,179.46614543232337,0.2527273360461466
-180.4022828410428,199.86593708861204,0.8287781943427657
-122.66449226552068,277.9301281182648,2.864581523220192
-188.08684109869023,116.97213597821745,0.5343912590560347
34.408346806963664,-206.02757223136146,2.9367645934551936
318.3299521871806,-341.0271324129798,2.9003567632840204
300.9265788436482,-282.9666086471495,0.9437365432430989
312.83237344090986,124.88475769708138,0.03712095900582524
113.2573620572266,200.6599787195144,-0.21349167995575113
55.66974729341211,-237.01411730652842,2.4528208394405935
-118.34753696272648,-14.544854388598838,-2.9640506783120193
255.68428770466008,-187.68100752753142,-2.4265146559315034
96.77224265756313,-251.18178271656618,-2.5002570649099236
-374.72642293860343,142.44626578042272,1.6143722596960215
-225.97330745502114,191.12852072744892,-1.0075023309510436
-131.12647749261447,157.87618851592237,0.866881933167722
46.37688232281756,66.43006060381136,0.65208721656004
71.36352408077735,-106.02376078779635,-0.7173640230045883
377.4988881181243,119.6462744405402,0.19834584857456505
-129.12539416969818,297.2373772023506,0.9119323016430458
-286.7325423794692,-204.52231685089433,2.77057263388631
-143.4044906950688,431.41767905505037,0.4752228953222688
-461.78415808020515,-122.22184654839643,0.7185922695613609
-91.24599702044513,205.79607855154742,-2.715241976786775
-138.44369351218742,365.93686796792775,2.841355762974981
-235.0438391398168,-78.01845386568485,0.17644395683753178
52.37509134292885,53.81685780686747,1.8929567251076076
418.218056728533,6.446555793911714,-2.8256045845396773
-131.62625353058317,-238.7853963190777,-0.4969362730835374
-177.7073877520553,-239.42649822187863,-1.5269682243358105
-53.68661169447278,364.7417240806423,-1.4641336095785789
398.7489085105528,180.62372058605288,1.8312577938131982
-378.94623370639056,40.63354604154446,0.7782775882577111
-445.73628220616064,49.924865049463406,-0.37859137131770515
-252.0769973100144,11.622582215471565,-3.075080490154937
-315.27951095941256,-290.94772443194506,2.921228420012582
-193.0750288343346,78.90172658970714,2.9029777170599953
-15.984863483117032,-468.3056367528448,-1.7746718024138117
384.69296377303107,-103.39189066133306,-2.8818057345452273
-10.439459194098049,224.16518371347595,0.18974819396256626
-134.24127503475188,-447.5498079479559,2.83629779789978
375.51688661504386,166.1880727389771,2.578593148237779
-95.46661452856561,-223.7537317811989,0.5319524624536016
-176.65449849800797,-136.55873083129623,-1.2343389751511695
-257.40455211117995,-231.4518533076157,-1.0683872767471896
51.57552177239445,-64.26164756229225,2.5001645802246566
-220.16560811884594,-6.441064771710668,-0.051622426578854075
279.3177556955455,-142.64258281338795,-2.3177650902106297
151.22596141407192,252.78987139736117,-1.5806893530233284
267.02269909082224,-189.70882441778048,-1.4024389955869816
-218.14873595510832,-130.48722962738307,-2.365325938074875
-339.999692445187,-141.30540205288685,-0.23219899904315655
78.42877425525488,-439.3219649962882,2.614124953912145
-81.0616467615707,-145.9540008618775,1.0604919942373803
-337.60285745177333,75.25168258761275,-2.686225557595734
-102.73175087650087,-143.72131981046252,-3.1070676950656333
-138.88201520483045,382.2709545418609,-1.4058773682043422
259.7059889443826,156.04006248619018,-0.8627257346746631
327.7586671089042,152.4416190104341,1.7388694543215149
206.67767731313396,15.718145933255775,2.9342822463309846
-181.87655566222995,32.61102987869063,-0.706436283989861
220.37814415406513,-253.65801778801543,1.1730080523422206
-67.7868148662351,279.13808601990445,3.1095603927752915
437.7271299160845,158.50580800383258,1.5435686702684919
333.0214769144273,-256.20078388332865,0.8557041738075908
-399.4299401422982,114.77814980918924,-2.651033876956483
372.05559769106856,264.34506331390696,-1.1107716503859701
-103.86594834576243,-96.21493495387644,2.597419536121264
310.3629370221483,-176.92659260319897,-1.8786379644297708
-72.44170749218381,360.26303840522667,2.1588418970739767
162.96449434226707,441.70914916985623,1.2335380935491838
-225.47747913600415,130.7966505739454,-0.8399087491241892
13.95607426398819,-236.5912783298089,0.18330734280625816
-7.9584126907354715,154.44780159450534,0.26896097551992026
66.18135833059898,-17.047809265714633,1.3449395973224192
414.21909957372264,206.51759187086742,0.10402404586099978
-377.66800307530787,109.60258617260396,-2.305451547326265
-421.9507570798307,55.228180388890664,1.7181663742861017
-165.17067531825208,195.64178307673407,-0.5889072703181037
233.00877818808618,-284.93515477570895,2.909704726824218
-95.00908081502747,80.93829833551449,-1.3602230223032876
215.90614280604672,256.3904654342882,-1.4886199265995663
429.4172744827568,-202.0790413356893,-1.0461038852477569
-438.2205972203797,-100.10325655028055,0.45438121213030724
-35.341124339220926,277.9541048032854,2.4810397498806323
470.68202676711763,6.227370686914217,-2.0339824423365327
-52.4206110323425,226.55595956438066,-1.3843189417847193
5.81047994158533,467.69103911369456,0.5132095903593785
-125.91562916343551,448.43219951573235,-0.2869264186919893
134.33707572575108,-407.7628525047711,-0.3309800608194693
-119.72780232182502,362.28863474047125,2.0152328031132285
427.9637895441525,135.63216130193328,2.6633059223716087
257.3943023016261,-43.54685335587914,-0.1174517961363275
200.541056467919,394.3549551039592,1.1771660484280257
-374.36352203625455,-50.543586771048126,1.8916076697257465
-50.225433779433615,-37.62000342019072,0.11539955989025863
74.35408230705494,-273.9736534955872,-1.2923481171898248
-185.7450280861696,19.927672439899627,0.867611115556457
-303.7669626208859,-365.9992860421594,0.534756248550305
161.36824178222255,-290.9403306690075,2.5230936088975247
-321.89032693515003,-106.94828566894039,-2.8123095301646135
187.7994006465449,-335.2466668444379,2.5769315056501814
125.03445324949868,-264.3039019903909,0.2163428134649812
-169.82623804548967,58.97169849310457,-3.043096711551332
-245.08148043299494,359.8764895305761,-0.975764988603236
156.20831587037563,-141.66530215484633,1.4095293524486427
-339.71571127832294,-53.30048785025121,-0.07267705193101248
-111.55524111520334,199.84040214489036,3.0169282091587366
81.4522630468701,129.30907947984275,-0.4862552470284687
-256.6706081824781,-364.5451304619404,-1.0892829779964308
-473.3375584666862,11.686679408834266,2.021124372139898
-380.271929133162,-277.1368144776186,0.3010066695218523
-306.8246427172686,338.8408559968544,1.145591682674187
116.01399315488439,-406.3060622813743,1.9207844387350654
255.50063284358367,-109.89194241208759,1.0771110390623484
-39.356357860395796,134.0292732883743,-0.4875280888167821
135.12767522018524,275.8665623613288,-2.3574734457921203
-215.28631883970652,88.59761028763461,0.5042141011288956
128.10878077587313,122.04119167345249,2.497147239088788
-93.7324672217325,-66.14954881632406,-0.5096139140004836
-305.83647225661684,271.82339638808764,2.5806627608524204
-7.126177965980466,58.92214644801898,0.022165945423165745
100.04186775692816,409.56062613133656,0.7592699296351935
-175.57128453930437,-61.63585940509552,2.0922283002129367
109.99373603633653,-83.97437696362601,0.4058756101808503
-72.63879133448863,-127.23011574004228,-2.570015437524074
-171.95364702520055,354.3542225830759,3.0220827041650837
73.1577457824917,227.7272906202772,-1.5968759320307182
-231.60843027297412,209.21601905583492,1.322643987932274
-351.02362717939764,74.82346403808228,0.03212868239214073
-68.98087568989351,440.04333102862,-0.13337545645714144
-409.312226929946,14.837761889795123,-1.608867284663984
188.42677029889188,165.6369719809368,1.3958144270255888
-171.50650885399756,-40.75315764486773,-2.432923085181454
-116.18770030825125,-10.431914193709597,3.081609027237688
144.8277151170003,-221.6795424647148,2.170045933840627
-110.05969045543893,221.2306031889782,0.21682606481073474
-216.61718208895576,242.20085983445694,-0.4740477579664475
-385.15363653077566,96.79743165658793,-1.3416822838913525
-367.6061732988733,-159.4106054397778,0.009999506831833482
-246.83550989278493,-70.99159349230098,2.3839502226776217
-253.82836886445662,153.83236180559342,-1.413676477326916
69.86825971315415,-193.88803986650257,0.003376953255078252
398.46930812438757,151.96514586318114,-1.6678721551218139
-117.37818476744471,12.999818542128276,-1.0232222962815496
325.13929548918134,-234.8303760263638,-1.9461506193862
213.73375836414664,365.9623941117718,3.0821486558413254
343.95345403522043,-247.00416373318555,0.44923170511376
-28.043402005136354,244.235636468631,1.462820566636558
289.97900243497224,51.01267785895189,-2.52427024095629
-28.85471659064329,-367.3166503278131,-0.8412082422622658
33.63689770976647,-249.76225839561485,2.467028641520817
14.84441703282197,-292.8999158474805,-2.6110510016400097
210.35170951568594,43.31415018712456,-2.1018308647016912
94.57884356016416,312.2367173681303,0.7880220866200371
-100.22515874717027,33.067214759088806,0.7715060036390282
147.79591802021795,403.248710010978,2.125143196203707
-26.531236435647276,133.6323242207064,2.7362817353399445
-168.90956846814973,-302.3941539394217,-2.2494653173795607
187.7137631817797,-189.93804505089867,-1.5118988879538857
312.997045124879,-188.3585848850408,-0.4557734299515954
182.99043745809,433.13329532624005,-3.1359171432744892
109.78925836248247,-370.1414457350986,-2.7029364510024534
31.202860852959677,-89.67753609726353,-1.718505983826438
194.8959759803592,-248.38059186209236,-0.11873986203040277
-127.03338681527822,319.07896552621315,-1.561228680707187
311.0533718416449,164.91978322925866,2.3667621306964604
-353.0455193927692,-180.66112592439632,-1.104126086467354
-224.07695516426236,-119.99092713098554,2.667983814347842
120.52413305936687,-126.28314663805502,2.9831763406843734
-31.393019297609033,300.0559049692875,-0.31502927347642284
176.42555682327983,435.05072839987974,-1.7145002084108805
54.64148910781218,202.14066222534177,-1.309000289464498
-49.26374053112283,453.8032630170398,1.7362557284814732
82.01485097838287,-344.93047090934147,-1.4240857858655518
310.3749957723543,97.10063474053247,-0.7503199697087917
434.29418524547975,121.31390814628212,-0.13461185120577746
21.208300889314742,325.1150830079693,0.47193706341005903
-393.85666741865145,109.42302377572521,3.1170909973860628
53.20545258910363,-299.40856892488995,-1.6825757317621408
-122.61503630313833,439.7087002131637,-0.9209660341319004
213.89735065217567,336.91047107186625,-1.4897986728102024
351.8321400692074,194.1066888719067,-0.8726500142449058
-42.95188308979787,272.51966515537754,-2.508219194140177
-392.25917516264644,143.92163843160043,-0.8808412106811385
-373.1047205051957,-87.57214032932335,2.437027866865793
-142.18462388617272,-189.12478809238874,-1.2654973087279964
-7.672702546419955,194.12570513973802,-0.8046575096130497
-370.53389219047284,-215.351986617042,2.7927135394173543
467.72640508446005,47.54729627803428,1.4349475541893986
-61.29906057607861,-319.82070919293216,0.10517244700583062
56.18711192621041,-365.2038805861422,1.741653278361519
132.51631968947274,424.48412438909685,-2.3676320937636333
-319.4831359893975,-61.34580966203246,-0.22311369090594058
-327.6606797156918,334.654555327376,-2.398693146738804
342.77004442587827,-124.67392804263298,-1.6737265573122182
434.99799921637805,6.5417794750176546,-2.25021437161997
443.2759727791245,113.95633081336162,-0.8683284235228896
264.62107202294663,343.5671763262798,-0.7436820830361093
108.68176692271945,-160.23074892195652,2.8105227091499563
-306.74487126557244,-226.14105270146698,-1.4820417401442443
126.57693152260771,-276.25883290772254,-0.17323467400923676
-60.836195520973355,-107.66419926740616,1.956454495941717
294.1024795584743,108.25494596680541,1.9830837817863163
101.7674920526571,-223.4085291846116,1.5729526345309504
-427.17336833178,115.22675545386402,-1.333079788401063
-90.29661486591635,19.746724696089494,-0.03159424703346847
342.42772697048514,322.0710891550094,-1.9715906946861006
212.39099879514848,193.25427383400114,-1.9578435401612317
-286.4745512648091,26.392476674420376,-0.40312154693583135
-51.77785545230812,44.344616930027115,1.4991191389209888
-19.69887805293335,207.41931647066983,0.1670338318206568
118.62369103406039,-280.92254334581975,2.4296023317615916
307.22089166883114,-346.10360297630706,2.0791612962125257
-46.46601082393511,-146.9780130628106,-2.9430097996337166
465.2196031332847,-37.64867585928899,0.4298895248682988
-446.8942024726199,27.07747323538669,0.6858804523125235
-276.0861170346584,170.01978141089356,2.900162164825569
-202.7459604630815,-186.4723247072291,-2.9955926220642564
-230.1422583240906,-36.733072333131894,0.19543075674796828
-302.8681487257618,224.03244100770877,-1.8549134090902204
89.64298382057683,21.32496647998161,-2.8044186692379256
-20.611070122939843,-63.69282203619442,0.5497066131411819
145.43803835489877,279.56465318924813,1.7128223499498985
79.27899372148832,101.18221746782635,1.7270305520230167
-174.4570371433247,-168.18204123404777,-2.9512849599203705
13.701258592734192,-226.86715404593338,-0.5846730105937201
-225.8122138792307,-89.53336262173494,-2.8619304182615393
-43.91968291423363,-170.4354335712349,-1.5843765082661205
-40.78335198603425,-44.71052846696057,-1.9296874559825792
-57.79737262236149,-155.12288648453708,-1.7895606333344638
149.0806930334102,347.2983825514506,-1.0108488171339998
-451.0739394661004,-144.9969033333999,-1.398523689179317
-383.15828757586996,-285.2611163831342,2.904590346657847
-204.78789446356893,-229.86916532953217,-0.9273534150013703
79.45684315107339,-178.84253088726308,2.4766589565828223
115.80692648665485,-366.17561236834575,-2.0040742831022835
10.713624469629162,-336.6159462706111,1.6571704407316332
-1.609946232052728,477.4588484465514,-2.7561472829787017
-126.03516845685616,1.565839514589211,-0.23397809585566698
415.3828381464687,90.05221466685123,-3.1069695364658454
-243.25727017377062,88.95704381994166,1.9496143634714223
188.95596403158734,-143.5312403780696,2.830487242722177
-306.46398561879465,-242.949839854634,-2.9210065370349665
201.24158879986405,-129.89735906758375,2.725937083982453
112.04763650179909,-375.7126490207567,1.7206747473324215
345.5678570174896,-14.323438632715002,-0.886798854407632
172.82187001888474,261.45941193463113,2.5690471390933913
347.3826409202884,-86.75340267125934,-1.280153319721015
-237.264965670943,102.3897450271327,-0.5699143614588551
-302.5040595783599,267.488670840955,-2.5339378719460903
92.12918553487094,296.0099063962797,0.9860765795350019
288.60759244037126,-18.731356525485136,-2.9556051613560115
-295.8365636629491,-321.80349514981907,-0.09484295308532831
368.3768417879574,-278.34943637016363,1.151028341901763
30.250983777946132,102.68181839596085,2.0183953743970724
50.66328681624046,-227.42279178527056,-2.1994831173808755
-225.8263825417352,-172.88042181420414,1.5964968559098214
-362.9293360262412,237.1014636543257,1.376501535541598
121.25595778623428,460.8332402783893,0.37429270472226817
353.9022710365818,313.10092426723287,0.5318376931528332
-120.51089982339666,440.52555922155466,-2.5681218013267957
-134.59155158250869,225.48786458434466,0.6312781826849623
475.50667589448994,-49.59820100965644,-0.7444179277596121
-177.00096390361168,163.74540665205816,2.3095786043504
-137.36848146736435,79.5949925863598,-1.1743343601718605
63.195425298876415,-463.8426052644443,0.48126106469278174
182.10147898141045,145.97602536961685,-0.46136550252421804
393.4479249838235,66.33662006212955,2.3641234820652794
116.17056390410399,28.23445533824922,-1.5461871823153088
-379.51180880268686,156.74350139341865,-2.6464628211223196
153.21871264768237,-424.0033193563503,1.562349972627409
-250.4787323055497,26.166241075920233,-0.5472866968472694
-242.15994360445578,171.03250966777236,0.5598215009561249
284.7669041256339,-75.55649797901083,-2.975783592302177
-170.92577912481474,378.8552271462486,2.840689598540184
-28.12060732348274,233.85036584634176,2.3726462405062803
87.91341980227841,180.5865910030488,0.7782849729383314
137.01325968324943,-291.9585587798486,-3.034590999844203
-87.8309606595591,-251.1199351758315,-0.7666964258010358
208.20377759862401,387.48560044474357,3.0083673710699266
-129.88139900815312,196.44992049444565,1.1393322457822457
-339.10297802440033,-34.749831492664384,-2.130076088751053
290.7141088762542,364.29142596410423,-0.24757792990914584
358.2409924333126,-134.40931133219496,2.9325997344235404
-358.56785359574997,267.15540968015694,0.21807789153336588
202.08411283509298,-419.33296441678965,-2.9869350127296395
410.71104497120587,-67.20843207200909,0.7525502001330984
400.08314558315686,37.22838892387021,-1.4374889313789119
-300.03631426663264,-364.72771714933396,-2.520525221082647
110.59326493579242,465.7081822074678,-0.6100442335117844
-156.65076895682895,282.93747146312035,0.36771146591692006
-122.43657674192453,-46.62508733498148,-3.034522664328049
67.0993482147761,-252.17832516842384,0.37100204045722984
-183.9966281813219,-44.84022494634172,0.07039144761698513
-299.4668694976536,83.86129672834798,1.8466808343430383
87.59618018004458,152.8326211987396,-0.4803506677166842
-364.1468114518172,83.3194799087651,0.3358389543642648
292.10291091970885,58.56909602307504,1.5205893034524927
-145.9908281577311,430.20662307542875,2.4953411063873476
332.6910227941437,-335.15005673569976,-0.7537649892975362
215.82360337479236,-282.54248735270363,0.6385820874219648
182.4804867081528,-175.13675015646794,1.222776368962755
202.37280395514426,309.61609991273764,-2.869714975136464
288.5994907489048,-351.3075856738291,1.8897340078999436
-248.77929242846986,179.87263974294171,-0.7701288593583606
-355.24357403511897,37.46955574279287,1.0696428155882955
-246.90256587767564,-47.7852815062391,-0.17803992288627768
-112.62367947412275,-304.53298527498015,1.2713343284278489
-232.31987297428603,-197.78961800567157,1.4095131126794547
-232.17183025831352,-63.30190732550405,-1.9379164763701193
-47.68206377065102,-338.7074783385803,1.0189707660717255
253.70586115118505,-88.1234110773201,2.2074302629685505
-152.8778193663307,251.2764883677482,-1.6614802805235078
-61.35679260199848,-342.95197987320176,1.6222145845938565
415.82576408446806,-15.826929132682256,0.8408479847085464
-251.51104634136715,119.08886164275964,2.8596412127129227
229.3789557809168,400.47438318114854,-1.506415182906425
-132.65397827834275,425.681839577129,-2.172236787784706
104.29148745056806,34.60792642924172,-1.1804784763098413
-241.29859480504297,29.764869595758746,-1.5207898485586326
272.79199590272964,169.91947247649986,1.6137278270095505
-151.4265188900513,-44.520892210722074,1.464668952897065
-91.30088802638956,-269.33137085898534,1.0661616759044588
341.4371462566321,-232.75106290924938,-1.7820425808436926
318.75860273347286,235.52287915547092,2.2732992165388417
-52.07689285889587,375.5332523040552,2.8687236914489382
346.0342662990317,-210.3011054932169,0.1985852119616256
54.367786526192475,212.07104928653962,0.9385365463838511
-69.81672056079591,272.8467388326123,0.004348586397109333
162.04327264359762,-360.33266223537163,-1.3599469843196974
-446.39140039080155,58.47303457858736,-1.3436742324736868
208.99159258071583,286.3505327114373,-1.1723134301732412
-188.05974627661416,174.3935254600244,-1.942446711550418
83.12563418908094,30.48148049285176,2.525360663144774
21.350891042240413,404.30983379245714,2.251881889962716
-6.700329499555971,51.61886612261496,-0.2410270013355098
-246.47486667514687,160.24976324908263,-0.8340839741507815
-205.2345526733489,-283.7905374235173,2.75881067855729
430.43598853635547,165.07404474447603,-1.744378938999649
131.8433180880225,-63.68938342134499,0.33641405303941285
-271.64122211848814,142.38963915150313,-2.799170643418889
-63.57629309439505,-49.37544217378498,-1.940233818589301
-280.3205270194841,30.815954275564305,0.6536204992354215
-268.80944042496935,267.2891930889609,1.0190299446152018
-227.91581709070547,-114.01962304068283,0.5089117378306813
221.08776395975735,-12.562407143651475,2.3222741865195076
33.539605609936906,162.2620932445341,3.1001564339591825
27.160818029162982,364.1647648615323,1.6578928497405112
-333.41120675341404,222.0392613173573,-0.2193347889677879
-121.38816873744732,374.6719581945121,2.0981734086718893
174.67913457689346,-433.76353488833524,-2.3851763473963343
38.990262174914776,-0.3834632841350234,1.151523747145636
115.32230561544425,368.96124172630834,0.11521971669359843
-240.19055646426378,-284.6023805228895,-2.022771693357952
-127.12540262849087,-346.2006246307554,2.9715295553663346
467.6782385612174,-55.971899910693004,-1.0151276302361967
20.62148534484726,-65.93029182853932,0.7252266484537553
-260.4949442907217,304.7705724720755,2.378777750599637
371.068935563865,223.48846763553107,0.042027245807618296
199.4890954945241,-279.4724537471094,-2.418160205060992
-162.02366847543354,226.48017225847943,2.0026967315947672
-144.36145237827571,401.94227014326856,-0.9222851021123852
-152.36394212879554,1.57498305213158,3.035198653006449
-183.63781468363283,261.9624627255546,2.4116464056220925
297.84978918501554,-177.52344365308258,2.220787658130588
-278.50889082253707,-287.3948399715603,-0.9031879228476227
-79.53902151616522,124.22487495541695,1.615594041968273
-214.52412581205988,-84.55888508909395,3.055695623105998
181.65358943537342,-249.13085333340115,0.16538356547388755
-332.1714341453354,183.32557321866216,-0.183895293958098
-438.50049015972553,110.3395641602675,-3.0494445827403514
239.94227607502438,292.14433036314887,1.2579173781573312
66.76588257135757,164.53487321548323,2.2523809919926316
-458.5235236373776,-125.29692233189364,-1.5867732978444342
446.4479509800012,40.73147667522038,-1.162234859262519
326.31165629277484,98.97028670423177,0.004253850449153163
247.29614944990158,-389.1316953032472,-2.688699667916718
-321.4080805668592,-147.79627164982875,-2.5783523648670115
-60.95626744987658,-457.256028980638,-0.4956757206489586
274.5484570374512,-340.5651051309016,-1.500305568006815
433.67558732460753,-187.20901720055568,-0.5903850401490698
387.30563739544976,248.96686188184108,-0.28659934158453915
16.528030566764247,94.32171173934877,2.9925140085917414
83.488547113134,-184.49888199085035,2.7913667742403936
142.95846435857433,-264.1387625150091,-2.263642218465158
-464.83866217048126,-57.80802003923218,2.403858568887446
-255.4522504597581,-67.08788828671577,-2.637639331299529
9.541878319266935,-194.00071347895798,0.04797507114400723
27.687059040331835,451.15446094277144,-2.1117163775188414
222.53660365149318,232.00210858665338,-0.8426245018706875
-56.73159939384714,453.91516226552056,1.528951730441455
-23.018616299150697,192.72528459998537,-0.47434606287760683
-242.47564427348718,306.32014433475666,1.92863182008806
59.19808878976028,313.7453068302505,1.3748596605711372
-134.6648617287763,17.8630486765294,2.782442301872602
-322.60426901172457,238.04364581555143,0.21460860669690796
205.386912144077,124.4758238219654,1.8984515850904886
85.01234240504972,52.580072944090716,-1.1127074674689523
-118.27167931665578,-25.86554310071989,-0.9692074397027666
-122.13208326741885,1.1307049075536744,-0.6251111934427933
-309.8021977634736,-336.5223796476813,-0.5597329493591294
25.04309913554033,412.4029611041441,-2.4928335345823704
-196.34235191260092,410.4326885446389,0.1200021749926794
275.19298362200095,-282.00436558282706,-2.533360088590968
-114.6206670424554,-330.38434648047456,2.4489477250776757
-216.43232233717225,-154.6851333045994,-2.753010420315491
4.199864698307357,479.4942104097259,-0.3160792163498498
277.13413883977876,-84.96504055271268,-1.3528070786042306
74.58431126519665,321.4826812717732,-2.168519416618082
-255.297601088966,150.10130753312464,1.7833985255382627
-287.4303584895984,-378.26606945512395,1.350460090928025
-176.89376079486118,98.45149485916535,-2.22457501438745
234.52939418589514,-145.49642425572284,0.8341911254974463
134.86133408556353,-372.6290909458155,1.8381783289101241
-116.2629945240865,43.46336978431342,1.7173969910068463
-373.87213102058917,21.985472061614797,-2.561782841398916
-104.92943842051022,-315.45155787044996,1.1656107906033562
142.02180093813598,214.26106208359624,1.357318325695017
-184.97613133488676,-146.28629056904148,2.2755577678345444
201.14221992591285,280.2186324110878,0.05054407176245812
-136.3928232956633,258.33384889845337,-0.24445360565507857
130.04069093539312,297.9273967694562,2.9224120588633795
242.99536764416212,-138.93995256358605,1.8630414486564124
350.8971050318096,-317.0165995031996,0.3690176985114313
138.99926285790738,-110.46969951337105,-1.0642643288240166
128.5198807008939,81.23513721946233,2.169194303969383
-207.70052091074837,191.22995416753884,-0.28000142295212616
-333.4174649581837,159.29051387523393,-2.559234416028522
-368.2463378354834,-128.74639785382942,-0.2833448111034924
-126.38927193234166,-275.85535234154554,2.337146361425755
-365.40282808044344,-310.99047065135636,-0.32495285475169267
-99.6061535855432,-267.83961020393616,-3.051434299337076
232.72640717859937,-335.1137861958977,0.7004829491981188
383.3763184983822,15.74251598201276,3.1153917922933045
297.4811592477223,314.64395991012367,1.993331641966872
53.10466912572139,471.29999350700115,0.7366277436350517
-349.1585222471283,288.4371170575193,2.6037449968400477
-418.97407804956634,28.76968956401888,1.9702918147506185
208.98072226009788,342.74638347172316,-0.008549198872032093
-157.4057765336875,230.47831016051333,0.5731539569883899
-32.69206373666184,183.64386504067426,1.4532555804407057
43.70990767478993,-115.60452704495478,2.176659783534589
-168.6819786509288,167.22090536965874,-2.7760595369518724
-305.0469647556201,-83.99374515100223,1.7266435576712222
-347.4154599425746,-0.801867177448628,-0.3298456146064326
62.736218996015296,-417.59650678816394,1.0103271515022714
456.76703392891386,-110.8824537844944,1.6627382462513411
107.64411278472087,127.42760780578287,0.24819791493777288
-128.03071632965342,-95.21337012516143,-2.1456144734532625
171.6665394354763,326.7499627694821,-0.5684596828984136
-132.63803481617052,392.9071260374493,-2.6585853887259323
-174.8248645612125,-406.185646005354,1.1894113213056947
399.92017709782573,-236.0875141971652,2.850720016286994
472.27340089925644,59.61675437213575,1.8551281316704653
290.54327839805995,-90.76944278354982,-0.6924923289956784
-91.46471380906125,282.5263363784066,0.5296190892219088
-180.89553698160782,45.81370976203275,-1.2302434366746449
-120.37786268892312,378.9480490150644,0.25789710804813293
-343.5662542201267,-183.27328889754588,-1.252069777690162
-150.84172909632477,419.51178590247383,1.4974386102541741
-139.23656733015952,-61.91839889626892,-1.5121019010639172
-29.872787805447075,-338.00505454008623,2.91552609940598
-209.56347540789056,-300.568548977941,1.0175538945090947
-76.85642188217012,-224.5672084357624,-2.7094486915632303
196.08220785527564,35.25760158097805,-3.0738739682865655
210.30691338114616,392.3580050698573,3.1230342868968144
117.64811270360855,-22.19653644917969,-1.7561152443931802
-319.48591345631735,82.68160951614459,-1.177702984911986
-10.105672026146701,-165.47440494364415,-1.8320887817447882
-26.82389708599239,324.1534579033037,2.6898427667684706
-325.6832190803779,346.02282396541784,0.9551249663721881
289.7532047119596,119.09529158275005,0.02756008372029095
427.82288780799223,-120.73833374255379,0.362230750566654
137.25963694731007,94.78245642066692,-1.1443386498881993
226.5776941627996,-108.69636665830498,0.7173826972996826
287.6822570920763,103.968038057673,-0.5051658150425506
263.86984380234696,-151.75503834755017,-1.8898052912007672
319.173869047177,-230.45726213824474,0.9839788615265208
95.23762415224554,266.350530651836,-0.7926830815926595
-338.71502544476334,-223.56571257250536,1.7911248848398351
-192.34982899703104,-332.5581703357181,-0.5315891598894442
-180.62295737803043,244.70968534977243,0.0519705821604326
-41.754337072957874,313.4414213729004,1.8062051582960539
73.97153103307289,-369.40806664594066,-0.327491600748925
93.43073220082861,-90.80407985665063,2.929353786108739
-389.28208139128037,195.19684311049576,1.8411534163027428
-161.11796333424755,353.4135797710718,2.051022726491751
308.1931621428648,269.4671972472253,2.8520664070209625
-62.77356808393704,-346.67464271045253,-0.6983720957546096
-155.80943269113774,-44.47378617872814,0.5031591393044756
278.22391535434326,-128.24634956422443,1.2163727813582543
143.19718774545697,270.97564961733366,1.0898717951881434
-129.2724209695155,240.55770075305975,2.8458858126668165
-53.021555154613566,70.44369563435929,-1.3298447538601357
-403.71686618582703,-84.33587986726994,-1.310914177849576
-5.929236383916428,-161.43226840148023,2.626399117228755
198.72143149501272,-317.10804026139107,1.8805928104522769
-151.27803229209545,-373.3676102516898,-1.863865301118054
-125.09709160926379,361.8482814442904,0.4401175152462775
-51.4889766438925,467.30293398726906,1.54417908311164
155.98939702731153,16.560030407432244,-0.9233995922302882
-444.5481101572199,47.87317380629189,-0.4122884750159632
-53.835556097257324,-68.56304979742845,0.47373088259884755
-284.0443533127649,207.32154629198328,-0.2066630279450261
-227.7099047812836,-204.50454660363582,1.5899122273753532
-180.6286024403276,-297.6130103688708,-3.1042783637053706
96.4778238434848,274.5586481823105,-0.41071596231357166
-163.15001333836108,-134.22808993067815,-1.02050631614595
66.58801249077403,29.235963418413743,0.6858979728125445
303.57230002353054,-166.31067591558295,1.733898027421131
59.43944059366548,436.7885562696022,-2.663158489232332
-238.74352442308282,171.9144885967297,-2.1484740577700614
-28.4106227200728,226.3627238550898,1.037238435294567
-81.61159906135231,112.7902553212701,1.4979267145838158
-140.04927995720033,-29.411835019463663,0.5541881098088677
83.97094815199932,-211.3276231131308,3.0335429084923735
153.7193474541022,14.952899377108052,-0.0033835637333266
214.60368415951015,-125.18733769760365,-2.2852426562230823
-14.901241780450068,-125.93353226699264,1.1705012533824748
44.927970486829025,-118.05843677015446,0.641359421277039
-418.45299472219233,149.3736068770429,0.568134883363657
53.49610332381064,-187.73589630607515,0.28810688726094114
218.46919140376275,-285.6892097085002,2.758919710687258
-422.2690286910756,-9.844534491181262,-2.3300790787209076
-182.82635055535602,268.7387593703704,-2.681680462972411
-106.95034398998742,-157.0343318804624,-2.17324591937411
-61.41019417593907,-207.2102861052986,-1.6022737663121656
10.472357169002874,-316.4809711133607,0.5839989486396431
-261.59224016922275,231.73092877240546,0.7063886732806064
-76.95241856159852,-274.18036454614924,-1.6801119547290546
-124.90440695704734,405.76897044569967,-0.06769818442171394
-148.47503800837345,388.86325552944123,-0.11270870312779246
-414.5182101536738,204.62102346319466,-0.2946137443415844
-64.9514422175047,-57.67079118196308,1.9072313370587084
-92.7603076326722,-444.8108324452471,-0.17785768744878894
13.455697247475609,301.35275204259864,1.6233582880739492
-149.76178707620932,-424.3322929278996,-2.095560852311258
90.35532795802591,-388.9357541259496,0.2008567465900839
-238.28853278350024,-413.1768566756401,2.036410366947
-195.37869530317167,-370.1114536063505,-2.024966424685015
288.8461155185741,-33.62905315487022,-0.22040051424657214
-262.7390306987745,-216.47678839322253,0.685365555832814
128.63383605053323,-265.95986039255655,-1.9806197598317945
260.54103514614417,-129.48218167705468,1.6133058824515913
-243.6044092160644,-37.8744560151755,-2.645244590113654
258.70593397747365,-218.62392941545608,2.804911366466076
-329.31524109407474,-221.15783815313858,-0.19967024061273086
253.8593484664796,-10.24809546832323,-1.0296690159343762
-159.51804076905785,309.51439596797945,-2.4076725824098704
-69.54092968633081,151.66686062058403,-0.4235077819305739
-169.62325236981275,-93.87462696875934,1.004078329496192
86.79977845507146,64.09256483085873,-2.547911569566989
-239.69299330439074,407.7133000978034,-1.2172471747886089
-3.190619118516466,-42.13989346504662,2.111260739031499
-15.321855694312893,204.08170767443804,0.9184824722278524
-291.042599713951,238.42635129551982,-1.844912777687572
-48.32083044428705,131.29897289014878,-2.1305665888813876
-352.2347601447761,-281.4709953200774,2.5414543735996444
-406.8357260634933,-23.184439246947058,-1.3381914159966875
-168.95363540046012,-440.6145339522573,-2.013759829729665
43.963569707231734,-339.80812619823104,3.1413665754253417
196.9330266706768,176.23855506443334,-1.1988831041956538
266.2493634683891,-236.90010111688935,-2.357826938331177
133.66441716170817,443.45994092443755,-0.24028389884800472
209.35191272569585,-276.74270809743047,-0.4125218389453922
-140.95415542952776,-205.80558758097567,2.6816790452050068
172.60224899500452,-415.2968646129259,-2.298358099455867
-219.4754285945143,195.15606325929028,-2.568965725648981
-33.71472586065527,8.98866424510147,-2.5573904346678544
-63.38994150016293,-231.78746294524308,2.5402130651311445
-65.08348125078695,264.00517196527477,-0.3181228371253848
65.04371036816933,-440.1803547419663,-2.19530392871955
-247.22743196057598,212.14399291030588,0.5895518955079737
-162.36880438623353,-276.71131873286026,0.23639451543210033
140.74705595913633,241.3000960994626,-1.8949662912886225
-388.95862490561353,-227.43530365982986,0.6474077237228957
-460.4086680623909,76.20697921342204,-1.0038567610859856
145.91739859779398,455.24382843421387,-1.643864948122073
-161.21152914683915,247.73567292112836,0.06534896558646519
431.0419875788595,191.92093089473636,-1.3091062987802498
422.8278678806413,-62.07217874219335,-1.7458463610417154
284.6748696805556,273.73505065431044,2.385866256635361
235.07460521784236,42.919290634729514,-2.162907521055262
220.7450395070005,-42.99498714674682,-1.3785938309718797
-11.720461442839117,197.15629969948412,-0.7154136587792386
-201.05837912733392,-415.02791500019686,-1.4222724428312412
-124.295231259375,-230.08974228138706,-1.8176586400787818
294.61385930536017,-134.49090391442488,1.7036611731124776
145.36129032693148,-305.17768295626945,-1.0743231592731193
-378.53884787776065,-190.25961684816596,-2.4346528909059915
-246.772272737233,365.7258113457672,0.25695188388263324
-24.513556704452203,179.48891456383663,-2.3531251715339336
302.5453934410847,85.67867632042793,-0.8952307090883411
-437.1201186886842,57.106904975037935,2.3990883025971668
-389.9160656274152,-191.3219941266611,-0.8220844565175369
-16.33176360062878,155.36161386430928,0.8325784403173704
19.69416816472736,-190.79339167145426,0.09189495295905781
180.3214446718056,-195.4425140892765,-2.276241926164042
-25.875246886643247,-132.3834504505071,0.9366319065865465
-76.15743218257455,304.2370862917153,2.2370338615762204
-98.66428703035304,-125.95087056714279,-2.555921406222229
-194.1951589821329,305.9316557258067,1.5939190087443142
126.45683051156588,203.6995034447297,1.1951327292998437
-345.9550442580738,-134.5232167699411,2.303796337544086
-62.41452872960069,154.84366842027055,-2.4875637550128586
329.45406590196325,341.0650469671706,-1.2208519372918918
-383.4036740598591,260.62313596966203,1.220769417850824
2.4192817306631813,301.3495387029794,-3.0032496121554018
220.34455983932764,89.0407900972895,1.4707408590843105
-124.99567734385998,206.74252222328283,2.2492457478648697
58.63568615547796,-329.2425741577557,-0.29339929201118453
96.05441932000701,29.187267177843292,-0.41261738591072383
104.01411678135658,-369.99106118180197,-1.391920562610003
-301.46255171019004,61.039719694248404,-3.109850818200047
-44.08032170563453,-292.5264665760646,-1.9710131349958577
-429.9186589265678,-42.652170678085426,3.0150751783141274
185.574240975964,-359.42431637030336,2.307726483300536
468.8975831471002,7.3937237865015275,-1.467094623107367
-281.2525551714915,-50.65932691290073,2.9138200052842844
423.6924354741224,165.44118172040837,-0.8311861477675375
-296.6536109295085,299.339446727088,-1.2718085993216475
80.80736359691365,276.40392097346023,-2.18147396370622
271.32760084946324,264.4873355820596,2.5233967711501464
-249.23321898678566,70.77858316291082,3.0598640645780764
-433.6330417506793,116.34932776226043,-1.08440613024294
-73.5137035290703,145.93767400388904,1.278191047078991
173.6922302411727,139.58758924356368,-1.034819195627184
206.52616715080163,-15.908576754098931,-2.4819163829958346
-304.5360493297637,-25.539424629461223,-0.6742341207443183
325.60899648405973,256.7289343568761,0.3240236197464492
-348.2147217064348,23.9116528994869,-2.368655559795195
-139.37844464287002,305.6065533017135,1.9997668222343048
17.259915828391303,-26.970247486023375,-0.016568025192833513
-181.22111901438348,-256.2978774632356,-1.6689211301596893
-26.427187612989744,121.60261131968424,0.5828256210011924
8.40314577461815,220.50738877183014,1.842602562994701
-453.65534382547816,95.29552985329725,-1.0830681573521428
-158.48372098736846,158.797978824578,1.265913081218362
417.9166079585947,152.42767747015478,-0.4532741403932321
-346.0733668642756,-255.72886720225912,2.915719485870193
192.41439258127727,-20.01906356008814,1.702366771268248
145.73222281570864,-344.4894968307766,-0.9025738986632463
165.16027461845619,12.902840391041702,-3.030078937980505
130.80027543830187,-388.38334193302785,0.9897266922427708
-247.92619213194232,292.7971924590068,-1.8983252140695401
-241.70487128960644,358.91315816359213,-2.3758032079000024
133.16074639885178,-305.26540862554236,2.712931455402475
372.20616953657265,268.9305598415202,3.1412720239939302
100.09958097184044,-46.96442459148064,-1.4458311816476208
-219.5638557739259,141.10151987624556,-1.245524920451915
-155.77683285476635,-375.1508356168143,-2.104936574721386
100.38598073705774,294.58227877390266,-0.2658743941489998
-197.99519444770422,37.28590592765835,2.298664136523306
-72.2569431820121,-142.42120712114047,1.2660992377002653
-129.04568355098132,-414.5196468652627,2.1760653571194295
114.5776924583435,310.4162784854986,-1.706000071701487
-82.1493063004788,443.4361218707665,1.4479981766913506
410.6019428369928,-24.411080766232264,2.629680362201537
237.78976641348905,195.929046292973,-1.3734030595543631
-68.3782166987298,-286.26071548473243,1.1979115438538575
341.5889969571362,-50.55648043801949,-0.6241878912474967
-345.02705157092083,-293.07949935353696,-1.3180448609752273
178.93479771876196,-371.6016310644334,2.9507312787840396
9.89343636191256,-44.55025495655011,-0.9510654654584547
376.278101196798,-136.46984080355097,-2.4639531209086414
-416.6973698059863,195.6789510439458,-0.7000146411747723
-169.4774081597272,-367.7322462468339,-0.32874699348676417
165.89306813660815,-118.33138558287483,1.5846873530884462
250.05479046653656,222.1261173507931,2.8268947115718817
-171.779540064632,59.95261235849735,1.9921277821144727
-193.3598218261775,-214.24611007505936,2.7076841151347875
-404.21760511498303,229.29563633103984,-0.1567018249044816
-402.7608147239226,-224.9050782166682,1.3780066391642123
254.66080657480367,-30.96661378132041,-1.1997768418499177
269.4420277147825,-79.03365319336488,-2.7043639557739882
-93.50108378588857,-360.4253051146606,-0.8452547690983843
270.79862071379284,-385.51509215822483,1.243538054699453
178.91747083426833,-52.999479226458845,-1.4160910454526323
-162.04547335790326,183.31294086971496,2.270780213422883
-430.98727642338037,125.025035190512,1.8269796987393034
334.94448448643465,40.01823945629812,-1.9223873595854237
-311.8172458338254,331.63470244639876,-1.0628839684326938
162.17586115541792,131.05475016216528,2.0439366269715133
204.63637653776752,-285.08138175294846,-1.60888631866653
-94.5577814599927,-258.5298950960899,-1.058074924104853
231.79472767473288,-140.77543009175872,-0.9860395444098824
318.34739931164535,45.969517913118715,1.8915028460784056
-304.42060081374984,-87.28901631326055,-2.908924632819394
-175.277283712644,-228.44908119843214,-2.6779753653802145
371.2062061095907,270.35484891741544,0.4929256147428607
-64.27418538695679,-405.8375532767908,-0.6464644264584751
-213.69787207203774,349.57868067499345,0.8349430877178614
120.70829563170469,-229.9231263858483,-1.4673670781671728
-288.92023570417126,-223.62783878882564,2.573483861227418
-366.8762991794101,-212.42283550313252,1.6395462315222558
-395.3590131744722,164.8612758727012,-2.715930596010597
-208.53638229434094,-191.00345023769373,1.783830723505134
-266.9282677842063,-326.4423340962807,2.950473062222872
-267.933768265047,313.0481514730071,2.7799049906480926
4.921650106181331,-182.62397381082923,1.479588339832338
225.13907395896067,385.93637093814846,-2.3650301976574433
-130.12620440351364,291.97679417025466,0.478004417346483
262.2209495944009,209.21608832439108,-1.3557057479196746
-310.7561474405607,85.03730584273531,2.9544350587009314
92.54685293393663,350.2224112633461,1.3665031141133586
-287.6214808811377,-246.43909187967802,0.6959607262933938
316.8533420130799,121.80381766487348,1.225774322900441
88.76119273272526,438.1203274702355,-0.38968862471653765
-122.10010251031139,360.63373596183317,-0.7996185735111734
-300.8428371043182,-50.21256544572759,2.738209514412226
60.36654550281575,304.77309329172357,-1.0560329572061664
-197.96114591301173,384.44615602305305,-2.8812417595004134
5.654845665469336,284.21483701739794,-0.6230396864789061
221.65713417304232,17.233412379961806,1.8242622376738309
116.3654365486992,-31.424939525149306,0.9328542058740483
427.8963432382744,137.30579390937805,2.9039046258903776
129.3570151087265,441.5576668911389,-2.4743066393701962
-149.316940075139,78.56228874666952,2.585821679391751
206.6661525208335,186.9513976294212,-0.8240448178239239
-154.52429508619392,131.41587492332627,-0.163346573301697
49.996427965198926,158.11089711420928,-0.4493598761143818
-414.0927022566513,-189.5960217311832,-2.409901392042218
118.12261911361306,0.6146768251487598,-1.5846416038061106
108.01354246882599,-462.87637054560497,1.5222371641319707
33.27134112151191,-148.0827146902219,-2.9970320047106016
275.5099001150766,-350.9427430913887,-2.300350956754978
143.13799453542984,-332.3020705237753,-2.983192491448465
257.2105031325849,138.49122908142763,2.24553539073678
114.2249514823212,257.7212367934298,0.7371736340858535
49.127778165440056,-415.09219733160666,-2.07389938049778
-185.3679503928622,-196.8077594268917,1.6887456828693388
-363.2642183272479,-140.6904369412777,2.9329946552902557
307.42658620073627,158.47785417496553,2.7304233603294685
-130.84320646744985,-308.34991630466425,2.6486613586909815
-454.9902975758277,-26.467853631195098,-3.0925196229065195
-321.7778505786738,157.00336248092992,0.5592882461330939
424.8162307984484,100.97478868447783,-1.529122367380393
-342.0594387660275,-224.53166018929733,0.4061904271017944
-54.426732032909506,82.3809371806244,-1.143349413498121
-419.9401870269038,44.4859120374386,-2.1760772898358303
213.466571967018,-71.44050005804655,-0.34875622185108135
-440.0964645326732,-120.36588328208768,-0.030810685036626317
-76.67036738664056,-69.80513240102415,3.0772874365883576
204.69387653645973,-188.25633806151853,-2.8752617227680872
-116.02837195445703,101.6175589746881,-1.2493787326976789
-198.28101293681016,-265.95552688320686,2.2110142371458785
-194.95557176586144,388.69972224012986,1.0033964074482773
-262.1485982163079,-24.740887128354732,2.052610025799014
181.80293980827338,-49.87233712142809,1.0071375443691162
170.5667229680955,218.18175383923227,1.6307147243066007
-402.4227212512525,-160.44140984023647,-0.04447395641903329
136.68734243473722,120.14444944765032,-1.854308143806757
-216.4760769626036,78.85296548746646,1.9478117035812392
-69.06895264644409,-109.22914277587545,0.4261297409079514
51.556916875061965,400.25284435960344,-2.265055669713144
234.3018794186352,191.595038277312,1.9157056698818433
-106.56136639520281,-246.74369281985378,2.881380254069726
-406.90657335813404,-15.868117129509146,-0.9665808952142307
-278.8219565083093,-16.283812083387325,-1.2974007838030606
401.4820320339995,82.07122002602094,-2.6277840553840215
-405.8546357756629,152.54597944239282,1.0335288571869183
138.99901821918544,177.5750419052563,2.8837408978965513
105.36708862748199,461.83240202515185,-2.2871253819506956
195.20369504387736,-7.5277146049755945,-0.09324478644760514
226.41743705414027,127.99661040651375,-2.524343935172511
-143.94181217624669,-146.43692824460615,-2.927273807770968
-202.51926259643673,197.93811257858923,1.033590584570554
-22.582933616002908,332.5116311712398,2.3102466577566307
-347.45345133012944,3.9320598631933668,-1.0205744208659873
131.03729387396476,-423.82993561236634,2.36100222280331
-65.1581200614806,-448.0878423515808,-2.406126340844194
-160.17083268437622,-160.49654328493054,-1.6464415932794716
-369.7314448175263,84.5744589091451,2.5233694857647784
-31.385442686544426,159.6975238925916,0.053469239002879476
-163.5737366525687,-281.9170367134643,0.6797927962221966
258.7770631899163,88.93806017954817,-2.9027170534737707
232.33801689029838,-139.84265082258028,-2.3348950565584703
-193.87313007876025,-272.15123168266445,-2.7910486402088215
-215.350568528361,-349.31300432202437,2.5446946986486223
-126.13076874971789,29.46946500122755,-2.2946509171140557
152.40081304070185,-423.60863209310594,2.1970591664680814
-384.1924660546927,148.10776584814036,-0.9359765881825926
-180.9516833722161,-93.07576502398757,1.8887097725404383
451.1903899652372,-113.42248735841001,-0.8479563997288437
-234.84624545453224,-248.88932562341293,-1.4596842284250346
-479.737119150748,-14.434860123484327,-2.5531051120185713
202.72951000539402,71.21653687867826,-1.3778611280659203
-265.3900430058201,-230.7153150580032,-0.1791982248785864
45.43691072151509,255.82691983368102,1.9949666201285838
85.15776374354903,251.90471749260666,-0.29835733850807555
-164.9980286889031,-330.6435473892945,2.9621170777297987
-430.3712900808749,164.9699321724405,0.2615879220966719
77.97296073763816,423.8257569440859,-2.984854638880191
121.33119708737449,-390.2861662541974,-0.5317629359451375
91.07589732561787,347.7579099297012,1.1868880960702821
52.23316650838108,458.0820918876735,-1.6694948242779768
184.80232854780303,-282.39164682912946,1.2480287887349544
318.5391449216095,-316.1918690928464,0.02323085359266175
277.62116744781713,-339.4484860101722,-2.9798774402064776
166.17635482400487,149.5347156628538,1.7238104211554122
-341.8628989826235,247.03441470749158,0.37933916874460927
-28.202993163108385,-53.831883629681286,-2.6232706870928935
-193.87815744288787,193.39244797519075,-0.15573482077409118
-228.00052838681455,-40.0185908314604,-1.336478239965423
182.8417225813655,289.471852614926,2.3856094897957814
354.1589729521614,-211.13792289214766,-1.351343181773306
-39.164174572879695,147.59029019308045,2.7752017147162737
62.10654865636529,339.4369189679916,0.28986061287757625
461.4159770719074,-57.9728822954196,-1.1082677485639518
142.8986008935217,181.53339448503684,1.970061446577489
395.32833564117817,4.404499148351656,1.2403031569794711
